Product_Name,Energy,Total_Fat,Saturated_Fat,Total_Sugars,Sodium,Protein,Dietary_Fiber,product_form
Hot tea (Garam Chai),16.14,0.53,0.16,2.58,3.12,0.39,0.0,liquid
Instant coffee,23.16,0.75,0.22,3.62,4.92,0.64,0.0,liquid
Espreso coffee,51.54,2.14,0.64,6.53,13.98,1.75,0.0,liquid
Iced tea,10.34,0.01,0.0,2.7,0.23,0.03,0.0,liquid
Raw mango drink (Aam panna),35.92,0.03,0.01,7.49,79.82,0.16,0.61,liquid
Fruit Punch (with fresh juices),36.12,0.03,0.01,9.25,2.63,0.14,0.06,liquid
Fruit Punch (with squashes),23.13,0.02,0.01,5.88,2.26,0.07,0.17,liquid
Lemonade,20.8,0.01,0.0,5.47,28.52,0.03,0.02,liquid
Lem-o-gin,21.52,0.03,0.01,5.38,28.13,0.08,0.13,solid
Cumin infused water (Jeere/Zeere ka pani),9.09,0.11,0.03,1.46,189.6,0.17,0.46,liquid
Coco pine cooler,32.75,1.0,0.3,5.52,23.2,0.56,0.26,solid
Summer cooler,22.43,0.04,0.01,5.21,1.57,0.37,0.2,solid
Hot cocoa,90.1,4.56,1.37,9.01,24.2,3.36,0.0,solid
Cold coffee with ice cream,67.85,2.11,1.31,11.18,13.84,1.57,0.01,liquid
Banana milkshake (Kele milkshake),65.31,2.37,1.47,7.96,13.61,1.84,0.26,liquid
Mango milkshake (Aam milkshake),56.9,2.35,1.46,7.15,13.27,1.73,0.26,liquid
Pineapple milkshake (Ananas milkshake),55.72,2.23,1.38,7.6,14.05,1.66,0.0,liquid
Orange milkshake (Narangi milkshake),57.42,2.52,1.56,7.08,14.63,1.86,0.0,liquid
Egg nog,97.14,5.11,1.48,8.06,40.65,4.78,0.02,solid
Sweet Lassi (Meethi lassi),35.66,0.68,0.2,6.51,18.31,1.29,0.0,solid
Lassi (salted),18.84,0.72,0.22,1.84,65.4,1.35,0.02,liquid
Cheese and chilli sandwich,173.5,9.78,6.06,2.38,437.5,6.8,2.08,solid
Egg sandwich (Ande ka sandwich),237.1,15.8,4.58,1.86,461.67,8.69,1.88,solid
Cucumber sandwich (Kheere ka sandwich),145.6,8.0,2.4,1.64,362.64,4.8,2.45,solid
Cheese and pineapple sandwich (Cheese aur ananas ka sandwich),213.4,12.8,7.94,4.1,571.96,8.2,2.33,solid
Cheese and tomato sandwich (Cheese aur tamatar ke sandwich),200.4,12.27,7.61,2.85,549.71,7.92,1.97,solid
Chicken sandwich,210.6,11.75,4.11,1.6,389.67,13.12,1.64,solid
Peanut and tomato sandwich (Moongfali aur tamatar ka sandwich),247.1,16.14,4.84,2.82,364.99,9.53,4.03,solid
Rainbow sandwich,218.5,12.54,3.76,4.05,612.49,7.75,2.1,solid
Club sandwich,206.1,15.12,4.54,2.01,461.66,7.31,1.81,solid
Vegetarian club sandwich,167.3,11.33,3.4,2.08,305.36,5.45,2.06,solid
Pin wheel sandwich,311.52,24.93,7.48,1.45,374.39,8.77,0.93,solid
Carrot apple sandwich (Gajar aur seb ka sandwich),173.0,9.12,2.74,5.3,302.88,5.3,3.66,solid
Salami sandwich,221.0,15.51,4.65,2.0,662.75,8.7,1.97,solid
Vegetable and mayonnaise sandwich,207.4,15.4,4.62,2.35,342.7,4.47,2.35,solid
Egg and tomato sandwich (Ande aur tamatar ka sandwich),179.6,10.51,3.05,2.09,423.26,7.66,1.77,solid
Sweet open sandwich,195.6,8.15,2.44,12.23,205.27,4.99,2.36,solid
Mushroom and cheese sandwich (toasted),194.3,13.01,8.07,2.11,456.57,7.79,2.28,solid
Cheese and tomato sandwich (toasted) (Cheese aur tamatar ke sandwich (toasted)),191.3,12.95,8.03,2.67,457.94,6.82,1.78,solid
Pea potato sandwich (toasted) (Matar aloo ka sandwich),121.6,5.43,1.63,1.33,262.63,4.6,2.89,solid
Paneer pea sandwich (toasted) (Paneer matar ka sandwich),218.4,11.98,7.43,6.4,268.9,12.4,2.12,solid
Chicken sandwich (toasted),137.7,5.32,1.86,2.13,327.55,12.08,1.64,solid
Pea keema sandwich (toasted) (Matar aur keema ka sandwich),139.6,5.61,1.96,1.94,290.07,11.06,2.45,solid
Classic club sandwich,171.3,11.56,3.47,1.86,277.49,6.74,1.62,solid
Sesame toast,495.19,49.38,14.81,1.46,128.78,1.9,1.32,solid
Cracked wheat porridge (Meetha daliya),81.57,4.08,1.35,5.12,15.89,2.64,0.62,solid
Semolina porridge (Suji/Rava daliya),92.1,4.08,1.35,7.54,23.21,3.75,0.7,solid
Oatmeal Porridge,72.85,3.22,0.97,5.2,16.14,2.6,0.39,solid
Cornflakes with milk,117.33,5.12,3.17,9.97,26.55,3.59,0.78,liquid
Rice flakes (Chiwda/Aval),96.3,3.99,1.2,7.28,22.4,3.62,0.37,solid
Wheat flakes,96.3,3.99,1.2,7.28,22.4,3.62,0.37,solid
Murmura (Puffed rice),97.0,4.04,1.21,7.31,22.52,3.62,0.28,solid
Puffed wheat (Murmure/Moori),97.0,4.04,1.21,7.31,22.52,3.62,0.28,solid
Boiled egg (Ubla anda),155.0,11.0,3.0,1.1,124.0,13.0,0.0,solid
Fried Egg,223.67,19.62,5.69,0.0,446.96,11.59,0.29,solid
Poached egg,123.87,8.19,2.38,0.05,1163.07,11.98,0.3,solid
Scrambled egg (Ande ki bhurji),155.97,12.21,3.54,1.08,374.66,10.29,0.24,solid
Baked egg,194.5,12.65,3.67,1.66,523.29,11.88,1.03,solid
Plain omelette/omlet,272.41,25.74,7.72,0.51,226.18,9.66,0.12,solid
Stuffed egg omelette/omlet,203.51,17.77,5.15,1.57,267.19,8.6,0.75,solid
Pancake,169.0,10.82,5.41,3.32,143.7,5.68,0.65,solid
Keema pancake,176.27,11.25,3.94,2.2,125.4,9.01,0.84,solid
Vegetable pancake,106.6,6.57,3.29,2.09,116.69,3.87,2.48,solid
Jam and fruit pancake,137.0,7.01,3.5,7.85,93.09,3.79,1.21,solid
Khoa and coconut pancake,271.98,15.29,7.64,16.47,101.0,6.98,1.65,solid
Brown stock,21.32,1.38,0.41,0.14,44.6,1.95,0.09,solid
Vegetable stock,17.6,1.38,0.41,0.44,49.75,0.3,0.38,solid
Chicken stock,29.88,1.51,0.53,0.2,58.58,3.69,0.1,solid
Clear tomato soup (Tamatar ka soup),109.4,12.22,3.67,1.44,5135.74,4.79,1.96,liquid
Lentil soup,92.1,11.68,3.5,1.06,10418.84,9.65,2.57,liquid
Chicken consomme (Clear chicken soup),103.6,12.02,4.21,0.54,8953.64,11.47,1.57,solid
Cream of tomato soup,122.2,13.12,8.13,1.81,4461.22,4.61,1.38,liquid
Cream of green peas soup,150.9,14.78,9.16,1.61,4999.7,7.13,2.95,liquid
Cream of spinach soup,124.6,13.31,8.25,1.13,4429.81,5.21,1.74,liquid
Cream of mixed vegetable soup,90.6,9.05,5.61,2.1,5655.45,6.84,2.14,liquid
Cream of mushroom soup,146.9,15.5,9.61,1.93,5276.06,6.64,1.34,liquid
Chicken sweet corn soup,100.8,12.59,4.41,0.27,12205.33,14.48,0.47,solid
Minestrone soup,93.8,11.09,3.33,1.01,8875.06,9.3,1.92,liquid
Egg drop soup,102.0,13.52,3.92,0.6,12418.84,12.93,0.81,solid
Chinese cabbage and meat ball soup,484.31,56.57,19.8,0.37,4249.41,5.21,0.57,solid
French onion soup,119.4,14.39,4.32,1.5,11202.89,11.41,1.01,liquid
Hot and sour soup,31.51,1.31,0.39,0.66,163.26,3.12,0.6,liquid
Talaumein soup,99.0,12.78,3.83,0.77,11088.14,10.12,1.94,liquid
Cold cucumber soup (Thanda kheere ka soup),48.03,1.99,0.58,3.34,121.32,2.99,0.88,liquid
Cold summer garden soup,107.9,14.08,4.22,0.46,9919.62,8.57,1.86,liquid
Chapati/Roti,137.2,3.56,1.07,1.0,1.16,5.88,6.31,solid
Plain parantha/paratha,242.3,16.86,5.06,0.86,62.07,5.06,5.43,solid
Potato parantha/paratha (Aloo ka parantha/paratha),162.4,10.22,3.07,1.15,127.2,3.7,4.18,solid
Radish parantha/paratha (Mooli ka parantha/paratha),148.2,9.53,2.86,1.31,127.03,3.3,4.32,solid
Cauliflower parantha/paratha (Phoolgobhi ka parantha/paratha),146.1,9.47,2.84,1.15,190.03,3.73,4.68,solid
Dal parantha/paratha,215.7,13.05,4.31,1.43,156.13,6.78,6.46,solid
Sprouted moong parantha/paratha,186.2,12.43,3.73,1.47,153.94,4.29,4.49,solid
Pea parantha/paratha (Matar ka parantha/paratha),154.3,8.8,2.64,1.29,109.99,5.59,5.61,solid
Keema parantha/paratha,205.9,13.91,4.87,0.99,140.62,9.41,3.44,solid
Paneer parantha/paratha,224.8,14.62,9.06,3.77,142.52,7.98,4.0,solid
Besan and spinach parantha/paratha (Besan aur palak ka parantha/paratha),180.7,12.09,3.63,1.31,177.19,5.54,4.39,solid
Poori,737.63,77.61,23.28,0.23,31.73,1.35,1.46,solid
Spinach poori (Palak poori),684.25,71.86,21.56,0.24,35.47,1.42,1.55,solid
Methi poori,710.02,74.6,22.38,0.26,35.37,1.45,1.61,solid
Dal stuffed poori,785.16,81.69,26.96,0.29,128.18,2.08,1.96,solid
Potato stuffed poori (Aloo ki poori),776.74,81.35,24.4,0.26,69.86,1.52,1.64,solid
Tandoori parantha/paratha,239.3,16.51,4.95,0.86,1.14,5.08,5.44,solid
Boiled rice (Uble chawal),66.3,0.18,0.05,0.22,1.05,2.6,1.25,solid
Plain pulao,99.6,4.62,1.39,1.15,193.76,2.34,1.69,solid
Mixed vegetable pulao,82.3,3.33,1.0,1.35,187.92,2.72,2.67,solid
Mushroom pulao,89.2,4.03,1.21,1.0,222.36,2.52,1.88,solid
Sprouted moong pulao,81.8,3.61,1.08,1.43,153.16,2.19,1.78,solid
Paneer pulao,581.91,59.81,37.08,1.11,72.28,1.98,0.62,solid
Peanut pulao,156.2,9.51,2.85,1.6,168.4,5.32,2.9,solid
Navratan pulao,194.6,9.45,2.83,2.52,334.26,6.2,3.82,solid
Green chickpeas pulao (Choliya pulao/Hare chane ka pulao),126.3,4.82,1.45,2.48,170.05,4.88,3.15,solid
Mutton biryani/biriyani,152.1,7.72,2.7,2.39,262.64,7.38,2.42,solid
Vegetable biryani/biriyani,144.0,9.51,2.85,2.14,183.79,3.16,3.31,solid
"Lemon rice (Pulihora, Elumichai sadam, Chitranna)",136.2,7.88,2.36,0.78,187.11,4.26,2.52,solid
Sweet rice (Meethe chawal),183.2,4.57,1.37,24.8,3.2,2.1,1.13,solid
Curd rice (Dahi bhaat/Dahi chawal/ Perugu annam/Daddojanam/Thayir saadam),138.8,4.32,2.68,3.91,213.29,5.75,2.13,solid
Tamarind rice (Chintapandu pulihora/Puliyodharai/Puli sadam/Huli anna),268.2,8.53,2.56,11.65,162.41,7.45,5.12,solid
Spanish rice,105.8,2.23,0.67,1.26,96.61,4.19,2.78,solid
Chinese fried rice,98.1,5.43,1.63,1.47,248.36,4.05,2.31,solid
Macroni cheese pie,137.9,7.48,4.64,3.4,200.51,5.85,0.4,solid
Vegetable chowmein,105.4,6.36,1.91,1.97,258.47,3.07,1.86,solid
Chicken chowmein,130.3,8.23,2.88,1.63,288.15,6.33,1.64,solid
Cheese noodle ring,113.8,6.12,3.79,2.84,241.96,6.22,1.27,solid
Spaghetti and cheese balls in tomato sauce,508.32,52.08,32.29,1.83,104.14,2.41,0.59,solid
Penne platter,148.1,8.71,2.61,4.5,283.37,5.04,1.09,solid
Pasta hot pot,125.17,6.47,1.94,5.99,231.17,5.84,0.8,solid
Chicken lasagne,166.9,10.36,3.63,2.74,238.55,10.45,0.11,solid
Fettuccine with spinach sauce,109.2,7.83,2.35,1.18,153.59,3.1,0.77,solid
Naan,194.9,4.99,1.5,5.59,326.11,8.05,1.91,solid
Bhatura,793.2,82.56,24.77,0.69,28.3,1.63,0.38,solid
Idli,82.4,0.33,0.1,0.28,100.83,4.64,2.31,solid
Masala dosa,129.3,7.84,2.59,1.33,191.28,3.29,2.52,solid
Semolina dosa (Suji/Rava dosa),172.9,7.12,2.14,4.37,202.36,7.3,4.04,solid
Onion tomato uttapam,462.02,45.3,13.59,0.8,143.53,1.91,1.26,solid
Paneer kaathi roll,253.8,19.55,12.12,3.29,221.03,6.92,2.4,solid
Makki ki roti,221.4,16.85,5.06,0.7,236.22,3.49,5.19,solid
Washed moong dal (Dhuli moong ki dal),39.3,1.68,0.55,0.12,150.64,2.68,1.17,solid
Washed urad dal (Dhuli urad ki dal),51.3,2.98,0.98,0.32,142.21,2.51,1.53,solid
Split bengal gram with bottle gourd (Channa dal with ghiya/lauki),63.2,3.6,1.19,1.05,149.47,2.79,2.72,solid
Dry washed urad,97.3,3.5,1.05,0.73,295.79,6.85,4.06,solid
Mixed dal,52.2,3.1,1.02,0.34,141.36,2.51,1.62,solid
Whole moong (Moong ki dal),46.1,2.56,0.84,0.59,123.86,2.25,2.02,solid
Whole masoor (Masoor ki dal),46.2,2.52,0.83,0.67,123.72,2.28,1.98,solid
Whole moth (Moth ki dal),46.5,2.62,0.86,0.66,125.08,2.01,1.85,solid
Whole urad (Urad ki dal),46.6,2.62,0.86,0.57,126.12,2.21,2.32,solid
Moti mahal dal (Urad rajmah mix dal),91.7,5.66,1.87,1.7,157.61,3.93,3.38,solid
Black channa curry/Bengal gram curry (Kale chane ki curry),124.1,6.61,2.18,2.36,358.63,5.67,7.99,solid
Chickpeas curry (Safed channa curry),139.0,6.84,2.26,4.78,357.99,6.1,4.73,solid
Lobia curry,121.5,5.62,1.85,2.51,355.41,6.06,4.57,solid
Soyabean curry,163.28,10.19,3.36,2.66,352.69,10.43,7.34,solid
Kidney bean curry (Rajmah curry),120.5,5.77,1.9,2.49,354.6,5.95,5.83,solid
Sambar,85.0,4.38,1.31,3.31,159.54,3.35,3.52,solid
Besan kadhi with pakodies,403.35,42.59,12.78,0.88,60.8,1.64,0.81,solid
Khatta channa,176.2,10.56,3.17,4.75,513.32,6.3,5.26,solid
Sprouted moong dal chat,24.9,0.32,0.11,1.57,87.07,1.35,1.35,solid
Potato cauliflower (Aloo gobhi),106.18,8.13,2.44,0.44,254.76,1.9,3.02,solid
Potato capsicum (Shimla mirch aloo),110.7,9.33,2.8,0.54,277.92,1.41,2.02,solid
Cabbage and peas (Pattagobhi aur matar),56.2,2.64,0.79,0.97,253.73,3.24,3.99,solid
Carrot and fenugreek leaves (Gajar methi),61.92,3.81,1.14,2.11,262.91,2.1,4.43,solid
Potato fenugreek (Aloo methi),121.3,10.04,3.01,0.54,221.93,2.25,2.93,solid
Brinjal bhartha (Baingan ka bhartha),65.12,4.48,1.34,1.82,132.15,1.38,3.27,solid
Dry potato (Sookhe aloo),76.2,4.18,1.25,0.33,199.99,1.62,1.88,solid
Beans with coconut (Nariyal aur sem/phali; Beans thoran),131.63,11.39,3.42,2.06,271.65,2.62,5.59,solid
Cauliflower with coconut (Nariyal ke saath phoolgobhi),132.11,11.56,3.47,1.71,286.06,2.64,5.27,solid
Carrot and cabbage with coconut (Nariyal ke saath pattagobhi aur gajar),106.61,8.62,2.59,2.36,219.6,1.82,4.52,solid
Raw turnip with coconut,132.15,11.47,3.44,4.4,275.55,1.8,2.79,solid
Raw papaya with coconut (Papaya thoran),132.75,11.42,3.43,3.82,270.56,1.54,4.31,solid
Stuffed okra (Bharwa bhindi),94.34,7.66,2.3,0.48,210.03,2.08,4.15,solid
Stuffed round gourd (Bharwa tinde),72.8,5.75,1.72,1.96,180.15,1.1,2.1,solid
Stuffed capsicum (Bharwa shimla mirch),78.2,5.7,1.71,1.21,173.94,1.34,2.01,solid
Stuffed brinjal (Bharwa baingan),93.0,7.73,2.32,0.92,212.88,1.53,4.09,solid
Stuffed tomatoes (Bharwa tamatar),93.35,6.06,1.82,2.68,165.85,3.28,2.2,solid
Pea potato curry (Aloo matar),87.8,5.13,1.69,1.86,154.83,3.48,3.61,solid
Pea paneer curry (Matar paneer),134.83,7.75,4.8,3.89,157.34,6.61,3.3,solid
Pea mushroom curry (Matar mushroom),85.1,5.16,1.7,1.82,155.48,3.87,3.86,solid
Pea curry (Matar ki sabzi),91.9,5.11,1.69,1.98,154.75,4.51,4.44,solid
Pea vadi curry,91.2,5.08,1.68,1.92,149.51,4.64,4.28,solid
Paneer curry,176.52,12.38,7.68,6.29,216.09,7.8,1.4,solid
Lotus stem curry (Kamal kakdi curry),98.2,7.25,2.39,2.09,217.05,1.53,3.14,solid
Gravy for kofta,125.59,10.35,3.1,3.73,312.86,1.75,1.96,solid
Pea kofta curry (Matar kofta curry),595.66,63.39,20.92,0.88,83.07,2.01,1.7,solid
Spinach kofta curry (Palak kofta curry),571.78,61.49,20.29,0.82,104.51,1.09,0.92,solid
Paneer kofta curry,670.91,72.06,44.68,1.98,121.72,2.39,0.4,solid
Lotus stem kofta curry (Kamal kakdi kofta curry),633.56,67.76,22.36,0.88,108.61,0.96,1.01,solid
Raw banana kofta curry (Kela kofta curry),627.27,67.98,22.43,2.3,88.4,0.62,0.59,solid
Cauliflower kofta curry (Phoolgobhi kofta curry),641.1,69.62,22.97,0.83,93.65,1.04,1.0,solid
Cabbage kofta curry (Pattagobhi kofta curry),639.81,69.4,22.9,0.89,92.85,0.98,0.9,solid
Ghiya/Lauki Kofta Curry,638.71,69.4,22.9,0.82,91.43,0.89,0.83,solid
Spinach paneer kofta curry (Palak paneer kofta curry),606.03,65.41,40.55,1.16,99.37,1.43,0.75,solid
Vegetarian egg kofta curry,627.41,67.24,19.5,1.19,95.89,1.33,0.64,solid
Baked vegetables,79.3,4.44,1.33,2.56,124.7,3.67,2.34,solid
Cauliflower musallam (Phoolgobhi musallam),58.83,3.55,1.06,1.71,123.36,1.89,3.06,solid
Baked vegetables with spinach,70.0,4.03,1.21,2.09,122.85,3.22,2.33,solid
Baked potato with skin,117.5,8.5,2.55,1.66,354.5,3.43,1.2,solid
Shepherd's pie (vegetarian),118.5,7.3,2.19,2.78,118.2,5.04,2.23,solid
Baked brinjal in tomato sauce,38.63,1.62,0.49,2.2,79.66,1.58,2.34,solid
Dum aloo,682.33,74.01,22.2,0.71,183.85,0.7,0.68,solid
Spinach paneer (Palak paneer),77.68,4.76,2.95,2.55,166.87,4.03,1.91,solid
Methi chaman,475.62,50.91,15.27,1.79,54.94,1.54,0.53,solid
Sarson ka saag,87.84,5.86,1.76,0.75,165.45,3.0,3.69,solid
Jackfruit sabzi (Kathal ki sabzi),625.4,67.6,22.31,2.59,58.95,0.69,1.02,solid
Avial,124.56,8.94,2.68,3.83,81.5,2.46,5.44,solid
Al yakhani,147.54,13.14,3.94,3.56,206.24,2.86,1.27,solid
Shahi paneer,156.5,12.34,7.65,5.01,215.35,5.06,1.4,solid
Paneer in butter sauce,145.61,8.81,5.46,7.49,151.45,6.99,1.5,solid
Methi malai paneer,194.98,14.76,9.15,6.0,221.16,7.34,1.47,solid
Chilli paneer,777.51,84.01,52.09,1.5,89.04,2.1,0.5,solid
Paneer makhana korma,775.82,82.76,51.31,1.84,77.01,3.24,0.21,solid
Kadhai Paneer,107.99,6.81,4.22,5.54,144.33,4.33,2.07,solid
Roghan josh,139.59,9.02,2.71,2.66,204.31,9.56,2.08,solid
Spinach mutton (Palak mutton),80.32,4.71,1.65,1.42,121.1,5.74,2.23,solid
Pea keema curry (Matar keema ki sabzi),133.0,8.14,2.85,1.82,148.38,8.43,2.96,solid
Keema kofta curry,154.45,10.39,3.64,2.14,311.51,9.77,1.51,solid
Kashmiri mutton koftas (Gushtaba),97.42,6.77,2.37,2.13,130.11,6.33,0.62,solid
Mutton yakhni,104.13,7.7,2.69,0.13,101.02,8.27,0.67,solid
Chicken yakhni,99.0,6.1,2.13,0.12,97.38,10.66,0.62,solid
Mutton do piaza,183.3,14.41,5.04,2.9,118.62,9.39,1.93,solid
Mutton chops,663.64,71.31,24.96,0.42,51.03,4.03,0.17,solid
Shammi kebab,685.69,72.61,25.41,0.31,54.27,4.52,1.05,solid
Scotch egg,676.89,72.62,21.06,0.3,90.67,4.05,0.36,solid
Shepherd's pie (with minced meat),130.7,8.88,3.11,1.7,197.25,7.45,1.05,solid
Chicken curry,129.22,7.57,2.65,1.79,108.0,11.79,1.41,solid
Tandoori chicken,145.2,7.93,2.78,1.58,158.0,16.26,0.5,solid
Butter chicken,137.0,8.7,5.39,2.37,26.21,10.92,1.32,solid
Chicken kebab,729.41,78.89,27.61,0.24,69.76,3.71,0.21,solid
Chilli chicken,198.83,16.56,5.8,0.93,223.75,9.57,0.99,solid
Fried chicken with tomato sauce (Fried chicken tamatar ki chutney kay saath),125.03,7.61,2.66,1.16,107.56,11.48,1.13,solid
Fish curry (Machli curry),111.13,6.69,1.34,2.02,184.71,8.76,1.89,solid
Fried fish (Indian style) (Tali hui machli),658.54,68.88,13.78,0.4,156.94,4.35,0.61,solid
Fried fish and Chips (English Style) (Tali hui machli aur chips),651.75,69.69,13.94,0.17,72.73,3.36,0.29,solid
Tomato fish,489.79,51.91,10.38,1.35,91.47,2.39,0.72,solid
Baked fish with cheese sauce,113.96,7.02,4.35,3.22,209.48,8.64,0.08,solid
Fish tikka,117.33,4.15,0.83,1.18,503.44,16.0,1.18,solid
Tandoori fish,95.98,4.64,0.93,1.6,123.94,11.19,0.58,solid
"Paneer, apple and pineapple salad",95.08,5.07,3.14,6.36,176.63,3.88,1.65,solid
Russian salad,114.83,7.84,2.35,1.66,101.09,4.26,2.57,solid
Pasta salad,172.3,13.92,4.18,2.6,152.31,4.15,0.96,solid
Deviled egg,98.56,7.72,2.24,0.82,117.29,4.97,1.15,solid
Hawain salad,175.23,11.37,3.41,5.24,64.92,4.27,3.93,solid
Mixed pulse and vegetable salad,60.5,0.84,0.25,1.36,127.78,4.74,2.96,solid
Sprouted moong salad,32.0,0.74,0.22,2.13,116.38,2.29,0.95,solid
Tossed salad,62.96,4.22,1.27,1.56,77.5,1.02,2.15,solid
Mixed vegetable salad with curd sauce,53.5,1.5,0.93,2.16,116.66,4.23,3.79,solid
Potato salad (Aloo ka salaad),76.8,4.4,1.32,3.94,125.01,1.4,1.32,solid
Waldroff salad,141.75,10.05,3.02,8.23,13.42,1.47,1.87,solid
Coleslaw,76.71,5.32,1.6,3.62,29.87,1.24,2.34,solid
Fruit salad (Phalon ka salaad),67.5,1.22,0.37,9.78,7.11,0.91,1.58,solid
Tomato onion raita (Tamatar aur pyaaz ka raita),59.0,1.84,0.55,5.98,165.21,3.74,0.97,solid
Peanut raita (Mungfali ka raita),150.39,8.98,2.69,7.11,235.83,8.59,1.89,solid
Sprouted moong raita,60.89,2.19,0.66,5.59,189.2,4.62,0.16,solid
Bottle gourd raita (Ghiya/Lauki ka raita),56.31,2.07,0.62,5.25,188.37,3.98,0.85,solid
Cucumber raita (Kheere ka raita),59.13,2.08,0.62,5.22,189.96,4.04,0.86,solid
Carrot and spinach raita (Gajar aur palak ka raita),56.83,1.99,0.6,4.93,180.79,4.0,1.39,solid
Mint raita (Pudinay ka raita),77.59,2.96,0.89,7.48,274.38,5.64,0.34,solid
Potato raita (Aloo ka raita),66.2,2.04,0.61,5.08,183.37,4.22,0.75,solid
Boondi raita,687.72,73.83,22.15,1.88,99.18,2.19,0.46,solid
Sweet raita (Meetha raita),99.24,1.78,0.53,15.36,42.98,3.24,1.02,solid
Dahi vadas/Dahi bhalla,667.73,70.4,21.12,1.78,79.0,2.96,0.97,solid
Gunjia,667.34,70.28,21.08,2.05,77.9,2.98,1.13,solid
Saunth/Sonth chutney with tamarind/imli,141.53,0.15,0.04,31.31,244.38,1.01,0.93,solid
Rice kheer (Chawal ki kheer),75.03,2.97,0.89,8.02,16.24,2.3,0.17,solid
Makhana kheer,107.85,5.0,1.5,11.54,23.4,3.31,0.11,solid
Vermicelli kheer (Semiya/Seviyan ki kheer),120.07,5.0,1.75,12.79,22.52,3.35,0.5,solid
Semolina kheer (Suji/Rava kheer),113.21,4.2,1.26,12.88,22.66,3.43,0.51,solid
Paneer kheer,105.31,5.37,3.33,9.87,23.81,4.53,0.07,solid
Cabbage kheer (Pattagobhi ki kheer),83.51,3.8,1.14,9.28,22.67,2.87,0.51,solid
Carrot kheer (Gajar ki kheer),85.35,3.85,1.16,9.63,28.54,2.81,0.73,solid
Cauliflower kheer (Phoolgobhi ki kheer),81.95,3.95,1.19,8.49,25.19,3.04,0.55,solid
Moong dal kheer,77.16,2.97,0.98,7.92,16.34,2.95,0.4,solid
Phirni,116.12,4.34,1.3,10.79,22.47,3.49,0.36,solid
Semolina halwa (Suji ka halwa),225.65,13.38,8.3,13.98,1.28,2.16,1.86,solid
Shahi suji halwa,382.34,21.73,13.47,27.21,2.18,3.48,2.96,solid
Carrot halwa (Gajar ka halwa),172.64,9.73,6.03,16.85,39.96,3.11,2.65,solid
Egg halwa (Ande ka halwa),299.74,13.41,8.31,37.85,83.04,7.85,0.49,solid
Potato halwa (Aloo ka halwa),131.0,3.48,2.16,17.42,4.23,1.53,1.64,solid
Pumpkin halwa (Kaddu ka halwa),190.27,8.81,5.46,26.64,8.09,1.33,2.97,solid
Moong dal halwa,349.8,17.68,10.96,25.59,11.19,8.35,2.65,solid
Caramel custard (steamed),121.58,4.87,1.46,14.98,43.57,4.97,0.0,liquid
Baked custard,106.53,5.3,1.59,9.42,47.13,5.41,0.0,solid
Soft Custard (stirred),109.18,5.07,1.52,11.15,122.17,5.01,0.0,solid
Chocolate ice cream,177.7,11.25,6.97,15.33,36.79,4.47,0.0,solid
Mango ice cream,125.69,7.62,4.72,11.01,29.13,3.4,0.52,solid
Fruit Ice cream (Phalon ka Ice cream),171.46,10.38,6.44,14.03,38.78,4.37,0.33,solid
Caramel ice cream,173.52,11.15,6.91,14.52,33.47,4.31,0.08,solid
Lemon souffle,168.51,10.02,3.01,11.67,50.73,6.95,0.0,solid
Orange souffle,168.28,9.73,2.92,12.31,49.22,6.8,0.22,solid
Vanilla souffle,187.85,11.19,3.36,12.86,56.73,7.71,0.0,solid
Chocolate souffle,189.32,11.36,7.04,12.69,56.07,7.88,0.0,solid
Pineapple souffle,196.14,11.72,3.52,13.45,59.17,8.06,0.0,solid
Apple mousse,106.92,4.27,1.28,10.56,28.79,4.21,1.6,solid
Rich chocolate mousse,188.26,12.19,7.56,10.3,51.71,7.96,0.0,solid
Mango mousse,124.98,8.47,2.54,8.89,19.62,3.21,0.88,solid
Orange and pineapple cream,101.18,5.43,3.37,11.37,10.17,1.44,1.03,solid
Charlotte rousse,165.5,4.78,1.43,20.48,56.45,3.95,1.01,solid
Triffle pudding,116.97,3.93,1.18,13.89,26.95,2.93,0.12,solid
Snow flakes pudding,95.21,4.97,1.49,8.01,39.6,4.67,0.03,solid
Kulfi,98.43,4.7,1.41,10.39,23.97,3.21,0.12,solid
Steamed orange pudding,251.5,12.04,3.61,26.53,79.1,2.34,0.58,liquid
Meringue and rice pudding,112.93,4.05,1.21,10.87,44.16,4.84,0.17,solid
Cheese pudding,285.01,18.37,11.39,18.63,37.83,11.29,0.05,solid
Chocolate pudding,211.96,9.48,5.88,20.68,171.36,3.55,0.53,solid
Bread and butter pudding,167.94,7.88,4.89,11.84,96.3,5.59,0.98,solid
Queen of pudding,132.92,5.38,1.61,11.77,85.59,5.51,0.27,solid
Pineapple upside down pudding,233.9,11.91,3.57,22.16,74.52,3.15,0.8,solid
Date and nut pie,295.5,13.31,3.99,31.18,3.87,3.93,4.13,solid
Stewed apple with custard,92.87,1.82,0.55,15.46,16.66,1.27,1.01,solid
Apple snowballs,101.51,0.31,0.09,19.4,12.8,0.86,1.25,solid
Hot orange souffle,179.97,8.95,2.68,14.93,58.8,6.87,0.29,solid
Hot chocolate souffle,226.09,11.1,6.88,22.88,54.11,6.7,0.12,solid
Hot vanilla souffle,192.93,9.07,2.72,18.17,59.59,6.87,0.13,solid
Plain burfi (Burfi),408.32,27.96,8.39,30.43,31.65,9.82,0.17,solid
Coconut burfi (Nariyal ki burfi),467.64,34.63,10.39,31.5,27.63,8.81,3.5,solid
Bottle gourd burfi (Ghiya/Lauki burfi),275.96,17.68,5.3,23.92,18.15,5.86,0.73,solid
Chocolate burfi,339.33,17.86,11.07,32.38,39.32,13.0,0.0,solid
Cashewnut burfi (Kaju burfi/Kaju katli),421.74,28.46,8.54,31.43,4.23,5.48,1.12,solid
Gram flour burfi (Besan burfi),421.79,22.41,6.72,28.44,13.02,11.19,3.41,solid
Semolina ladoo with khoya (Suji/Rava aur khoye ke ladoo ),428.71,21.86,13.55,33.28,14.4,6.71,4.68,solid
Semolina ladoo with coconut (Suji/Rava aur nariyal ke ladoo ),464.43,27.03,16.76,27.32,9.06,5.68,6.69,solid
Gram flour ladoo (Besan ladoo),476.91,22.76,14.11,37.76,5.48,8.93,4.43,solid
Sesame ladoo (Til ke ladoo),396.96,19.64,12.18,38.63,18.55,10.7,7.72,solid
Chenna murki,252.69,8.2,2.46,35.55,11.4,10.46,0.0,solid
Milk cake,127.41,8.93,5.54,8.9,24.97,3.01,0.06,solid
Ghujia/Lavang latika,768.98,78.93,23.68,6.08,3.28,1.86,0.52,solid
Gulab Jamun with khoya,586.06,53.23,15.97,24.12,15.09,2.03,0.07,solid
Mal pua,566.68,54.64,16.39,11.77,6.35,1.71,0.62,solid
Shahi tukre,189.81,2.54,0.76,34.7,71.04,2.76,0.51,solid
Potato pakora/pakoda (Aloo pakoda),677.19,71.84,21.55,0.22,63.38,1.9,1.03,solid
Onion pakora/pakoda (Pyaaz ke pakode),674.61,71.84,21.55,0.88,63.55,1.9,1.11,solid
Cauliflower pakora/pakoda (Phoolgobhi ke pakode),671.63,71.86,21.56,0.23,66.54,1.98,1.26,solid
Mixed vegetable pakora/pakoda,673.81,71.86,21.56,0.38,65.35,1.94,1.13,solid
Spinach pakora/pakoda (Palak pakoda),712.62,76.38,22.91,0.2,69.54,1.96,1.02,solid
Methi pakora/pakoda (Methi ke pakode),713.25,76.39,22.92,0.25,69.83,2.06,1.18,solid
Egg pakora/pakoda (Ande ke pakode),710.51,75.86,22.0,0.19,75.37,2.83,0.86,solid
Bread pakora/pakoda,710.99,74.2,37.1,0.46,101.49,2.57,1.11,solid
Paneer pakora/pakoda,718.12,76.05,47.15,1.08,131.7,3.27,0.89,solid
Potato bonda (Aloo bonda),632.84,67.8,20.34,0.27,132.53,1.09,0.83,solid
Potato samosa (Aloo ka samosa),577.39,59.19,17.76,0.29,77.1,1.71,1.19,solid
Minced meat samosa (Keema ka samosa),620.99,64.26,22.49,0.5,88.64,4.43,0.39,solid
Paneer and pea samosa (Paneer matar ka samosa),623.81,63.65,39.46,1.69,78.18,4.02,1.02,solid
Mathri,805.12,83.1,24.93,0.29,64.7,1.75,0.6,solid
Khasta kachori,712.73,72.27,21.68,0.34,90.56,2.51,0.97,solid
Vegetable cutlet,665.45,71.33,21.4,0.35,85.38,1.25,0.93,solid
Flattened rice cutlet (Chirwa cutlet/Chivda cutlet/Poha cutlet),701.71,73.89,22.17,0.27,76.65,1.76,0.86,solid
Peanut cutlet (Mungfali ke cutlet),698.77,74.0,22.2,0.51,84.24,2.63,1.21,solid
Fish cutlet (Machli ka cutlet),654.64,70.11,14.02,0.29,75.33,2.77,0.54,solid
Paneer potato cutlet (Paneer aloo cutlet),672.94,71.4,44.27,1.02,85.71,2.47,0.41,solid
Spinach chickpeas cutlet (Palak channa dal cutlet),688.03,73.6,24.29,0.16,79.13,1.44,0.93,solid
Cheese toast,785.37,84.11,52.15,0.53,121.05,1.98,0.31,solid
Vegetable burger,519.93,50.63,15.19,1.88,168.97,3.26,1.7,solid
Cheese pizza,201.1,12.43,7.71,3.42,397.73,5.79,1.95,solid
Vegetable seekh kebab,690.73,73.72,25.8,0.74,83.67,1.57,0.59,solid
Masala vada,826.02,89.15,29.42,0.24,74.53,1.69,1.07,solid
Peanut sago vada (Sabudana mungfali vada),749.89,79.82,23.95,0.19,71.29,1.01,0.62,solid
Vegeterian scotch egg,681.67,72.77,21.1,0.23,93.33,2.16,0.58,solid
Paneer shaslik/tikka,93.85,4.49,2.78,4.61,103.39,5.11,1.23,solid
Peanut brittle (Moongfali ki chikki),320.46,11.13,3.34,43.92,15.99,6.94,2.63,solid
Spring roll,623.87,64.63,19.39,0.6,132.84,1.81,0.67,solid
Dry mango chutney (Sookhe aam ki chutney),298.13,0.7,0.21,61.86,437.91,2.43,3.74,solid
Peanut chutney (Mungfali ki chutney),258.37,19.06,5.72,2.76,475.34,11.8,5.73,solid
Coconut chutney (Nariyal ki chutney),265.92,25.0,7.5,3.79,428.28,3.59,6.73,solid
Mint and coriander chutney (Pudinay aur dhaniye ki chutney),102.6,0.51,0.15,15.88,391.66,2.81,4.33,solid
Custard tart,188.1,10.73,3.22,9.31,59.74,3.72,0.91,solid
Lemon tart,264.6,17.45,5.23,10.68,76.09,6.12,0.81,solid
Jam tart,297.9,17.35,5.21,14.74,70.34,4.42,1.14,solid
Orange cream tart,163.8,8.72,5.41,10.08,36.85,2.58,0.64,solid
Pineapple tart,162.3,8.21,2.46,11.09,37.88,2.29,0.87,solid
Cheese and mushroom tart,210.3,15.28,9.47,3.16,212.42,5.51,1.18,solid
Cottage cheese pie,206.1,13.83,8.57,3.62,103.29,7.45,2.21,solid
Minced meat pie,189.4,13.04,4.56,1.42,127.85,7.38,2.33,solid
Apple cinnamon pie,216.7,12.21,3.66,11.95,60.14,3.35,1.77,solid
Lemon meringue pie,199.5,8.16,2.45,21.17,85.12,3.88,0.44,solid
Chocolate meringue pie,189.0,9.17,5.69,15.03,80.77,4.98,0.37,solid
Cream puffs,202.0,15.48,9.6,5.94,98.76,4.7,0.38,solid
Chocolate eclairs,239.42,13.5,8.37,17.34,85.88,4.24,0.33,solid
Cheese balls,681.28,72.57,44.99,0.63,120.7,2.21,0.18,solid
Minced meat patties,237.2,19.57,6.85,0.88,252.18,6.88,0.77,solid
Cheese patties,287.9,22.67,14.06,3.93,295.22,7.38,1.24,solid
Hot cheese souffle,177.1,13.23,8.2,2.91,286.96,9.18,0.12,solid
Hot potato souffle,112.4,7.64,2.29,1.78,97.2,5.51,0.66,solid
Hot fish souffle,142.92,9.24,1.85,1.68,110.94,11.23,0.1,solid
Hot spinach souffle,104.25,7.24,2.17,1.64,104.69,5.43,0.99,solid
Plain cream cake,318.3,16.17,10.03,27.74,174.0,6.18,0.71,solid
Apple cake (Seb ka cake),261.1,12.87,6.43,23.52,136.95,4.94,1.22,solid
Marble cake,318.7,16.27,8.13,27.56,138.48,6.3,0.71,solid
Chocolate cake,303.9,15.18,9.41,27.58,241.93,6.01,0.64,solid
Orange cake,321.5,16.21,8.11,28.38,105.41,6.1,0.83,solid
Fruit Loaf,282.7,13.31,3.99,24.54,160.6,5.36,0.87,solid
Banana cake (Kele ka cake),389.51,23.31,11.65,23.04,117.81,5.77,1.14,solid
Chocolate chiffon cake,311.71,15.8,9.8,24.25,188.59,5.76,0.7,solid
Christmas cake,329.8,16.88,8.44,27.45,64.84,5.49,1.49,solid
Strawberry and vanilla cake with butter icing,370.54,20.39,12.64,32.43,107.27,3.89,0.79,solid
Eggless cake,284.2,11.75,3.41,27.7,310.5,8.12,0.68,solid
Swiss roll,224.0,3.77,1.13,32.96,51.9,7.3,0.55,solid
Pineapple pastry,190.0,7.87,3.94,18.83,44.3,6.06,0.72,solid
Black forest pastry,210.3,8.46,4.23,21.35,53.43,6.09,0.54,solid
Coconut finger,250.5,8.86,2.66,28.55,46.86,7.09,1.87,solid
Pineapple cake,195.57,9.34,4.67,16.16,37.47,5.01,0.76,solid
Chocolate walnut cookies (Chocolate aur akhrot ke cookies),378.5,23.62,14.64,22.58,280.44,6.56,1.54,solid
Chocolate chip cookies,373.1,19.38,12.02,30.29,278.29,5.79,1.05,solid
Sweet plain biscuit,326.2,17.67,8.84,21.77,132.59,5.86,1.07,solid
Chocolate biscuit,327.9,17.09,10.6,24.16,127.02,5.88,1.01,solid
Coconut biscuit (Nariyal ke biscuit),396.4,27.16,13.58,20.76,105.76,5.78,3.64,solid
Sweet and salty biscuit (Meethay aur namkeen biscuit),333.2,22.39,11.2,7.22,414.7,6.15,1.68,solid
Peanut biscuit,354.3,20.41,10.21,21.26,202.26,8.45,2.48,solid
Pin wheel biscuit,344.7,18.66,9.33,23.25,131.73,5.4,1.16,solid
Saffron biscuit (Kesar biscuit),387.2,22.01,11.01,22.42,5.65,6.05,1.9,solid
Masala biscuit,318.1,20.75,10.38,6.82,714.52,6.06,2.14,solid
Ice box cookies,318.2,14.44,7.22,26.69,449.14,5.7,1.28,solid
Ginger bread man,305.1,11.01,5.5,29.12,477.99,6.61,1.6,solid
Danish cookies,405.3,24.92,12.46,21.73,201.06,5.33,1.37,solid
Short bread cookies,362.7,17.98,8.99,23.31,145.0,6.03,1.57,solid
Coffee biscuit,370.6,23.0,11.5,21.69,112.53,6.9,1.59,solid
Melting moments,380.3,21.78,6.53,25.0,119.09,5.71,1.88,solid
Ginger biscuit (Adarak ke biscuit),358.9,18.31,9.15,27.06,79.68,5.98,1.49,solid
Soyabean muthias,839.33,90.45,27.14,0.17,78.25,2.46,1.47,solid
Soyabean tikki,698.17,74.02,22.21,0.35,88.72,3.53,2.2,solid
Soyabean namak paras,838.46,89.83,26.95,0.22,72.05,2.65,1.41,solid
Peanut burfi (Moongfali ki burfi),550.99,36.84,11.05,43.08,6.78,9.31,4.09,solid
Spinach peanut namak paras (Palak moongfali namak paras),740.16,78.51,23.55,0.28,73.15,1.65,0.81,solid
Gram flour and semolina chilla/cheela/savory pancake (Besan suji chilla/cheela),758.89,80.04,40.02,0.25,74.88,2.08,1.39,solid
Rice moong dal cheela (Chawal aur moong dal ka cheela),798.26,82.44,27.21,0.15,142.82,2.74,1.18,solid
Split bengal gram sweet rice (Channa dal sweet rice),147.3,0.64,0.21,19.41,8.38,4.15,2.23,solid
Sweet poori (Meethi poori),782.75,79.63,23.89,7.15,2.57,2.12,1.54,solid
Wheat flour and moong dal burfi (Atta aur moong dal ki burfi),391.3,18.41,6.08,31.12,5.25,9.84,6.02,solid
Spinach burfi (Palak burfi),121.17,6.81,2.04,12.12,27.77,2.71,1.17,solid
Sweet split chickpea roti (Sweet channa dal roti/Puranpoli),295.6,7.93,2.62,24.73,12.05,9.51,8.16,solid
Sprouted moong daliya,89.1,4.71,1.55,1.67,196.73,2.81,3.12,solid
Sprouted moong poha,145.5,6.89,2.07,1.93,220.82,5.59,3.13,solid
Pearl millet ladoo (Bajra ladoo),276.2,8.06,5.0,27.44,12.26,9.61,6.0,solid
Paushtik ladoo,485.87,24.98,15.49,38.12,6.09,7.65,4.57,solid
Paushtik roti,105.6,1.51,0.45,2.03,170.96,7.17,5.74,solid
Semolina carrot vada (Suji gajar vada),699.53,74.07,22.22,1.21,73.17,1.56,1.07,solid
Dhokla,173.4,5.28,1.58,4.78,376.02,13.45,4.95,solid
Kashmiri tea (Kehwa),24.9,0.51,0.15,5.14,0.29,0.17,0.16,liquid
Steeped hot coffee,15.91,0.33,0.1,2.96,2.82,0.39,0.0,liquid
Hot chocolate,90.01,4.61,2.86,8.86,36.04,3.43,0.0,solid
Cold coffee (with cream),82.76,3.29,2.04,11.91,15.35,1.93,0.0,liquid
Banana milkshake with ice cream (Kele ka milkshake ice cream ke saath),76.45,2.77,1.72,9.94,16.63,2.01,0.27,liquid
Flavoured milkshake,66.78,2.83,1.75,8.61,16.34,2.06,0.0,liquid
Jal jeera,30.24,0.26,0.08,5.71,215.62,0.44,0.95,solid
Gingo,48.02,0.06,0.02,12.08,21.5,0.14,0.17,solid
Mintade,40.32,0.02,0.01,10.47,26.69,0.03,0.03,solid
Canjee,6.61,0.42,0.13,0.21,43.03,0.24,0.36,solid
Cauliflower canjee (Phoolgobhi ki canjee),6.9,0.42,0.13,0.09,41.45,0.39,0.49,solid
Potato canjee (Aloo canjee),11.4,0.39,0.12,0.1,35.99,0.44,0.43,solid
Vermicelli porridge (Semiya/Seviyan porridge),78.4,2.98,1.04,7.04,65.33,2.5,0.48,solid
Semolina upma (Suji/Rava upma),120.1,7.49,2.25,1.31,101.59,3.3,3.24,solid
Vermicelli upma (Semiya/Seviyan upma),120.3,7.45,2.61,1.4,101.8,3.11,3.21,solid
Rice upma,118.8,7.46,2.24,1.13,101.75,2.63,2.12,solid
Bread upma,110.3,7.75,3.88,1.56,176.44,2.8,1.96,solid
Vegetable upma,119.5,6.63,1.99,1.39,347.02,4.73,4.19,solid
Poha,228.5,14.14,4.24,0.87,377.1,6.09,3.72,solid
Vegetable poha,142.9,8.07,2.42,1.4,418.02,4.89,3.76,solid
Moong dal stuffed cheela/chilla (Moong dal ka cheela/chilla),120.8,5.11,1.69,1.11,267.23,6.97,4.25,solid
Paneer stuffed cheela/chilla,177.1,8.89,5.51,3.81,289.1,11.44,4.03,solid
Indian style egg bhujia (Anda bhujia (Indian style)),102.83,7.02,2.04,1.95,218.05,6.1,1.53,solid
French omelette/omlet,211.04,18.86,5.66,0.1,381.85,10.03,0.38,solid
Puffy omelette/omlet,188.15,16.84,5.05,0.08,340.53,8.82,0.0,solid
Orange omelette/omlet,194.66,16.84,5.05,1.68,340.92,8.93,0.0,solid
Cheese and mushroom omelette/omlet,205.63,17.82,11.05,1.07,400.29,9.69,0.93,solid
Spanish omelette/omlet,157.45,11.44,3.43,1.03,233.87,8.25,2.54,solid
Mixed stock,25.19,1.71,0.51,0.2,9.51,2.06,0.15,solid
Meat stock,24.48,1.78,0.62,0.0,8.62,2.1,0.0,solid
White stock,6.99,0.56,0.17,0.24,1.56,0.07,0.17,solid
Meat consomme (with mutton),107.3,13.68,4.79,0.24,12665.52,14.86,0.71,solid
Consomme au julienne,89.9,10.66,3.2,0.83,10208.47,12.49,1.38,liquid
Consomme au vermicelli,105.2,12.98,3.89,0.27,12524.61,15.23,0.81,liquid
Green pea soup (Matar ka soup),104.3,12.9,3.87,0.87,10958.11,11.06,2.49,liquid
Spinach soup (Palak ka soup),104.1,14.26,4.28,0.29,12088.21,10.54,1.98,liquid
Mixed vegetable soup,91.7,11.66,3.5,1.64,9202.27,8.22,1.64,liquid
Cheese soup,125.6,17.07,10.58,0.84,13695.35,12.39,1.8,liquid
Mulligatawny soup,114.6,13.28,3.98,1.26,11602.5,11.26,2.6,liquid
Cream of carrot soup,107.5,12.35,7.66,1.77,8694.79,8.27,1.98,liquid
Cream of broccoli soup,108.5,12.75,7.91,1.59,8792.43,8.97,1.89,liquid
Cream of potato soup,104.5,12.05,7.47,1.24,8503.99,8.1,1.51,liquid
Almond soup (Badam ka soup),126.5,13.8,4.14,1.94,8376.94,10.13,0.91,liquid
Cold cucumber cream soup,9.9,0.34,0.21,0.51,207.89,0.34,0.73,liquid
Cold tomato soup,16.9,1.56,0.47,0.22,287.15,0.11,0.16,liquid
Chicken stew,127.55,8.91,3.12,1.43,79.62,7.19,1.82,solid
Veg paneer stew,145.55,8.41,5.21,4.85,73.15,6.98,3.08,solid
Onion-green chilli parantha/paratha (Pyaaz aur hari mirch ka parantha/paratha),147.7,7.27,2.18,2.71,241.19,4.37,5.16,solid
Methi parantha/paratha,112.2,4.34,1.3,2.44,48.36,4.27,5.09,solid
Bathua poori,598.79,59.14,17.74,0.41,49.71,2.35,1.87,solid
Gram flour poori (Besan poori),697.66,71.51,21.45,0.35,58.33,2.59,1.94,solid
Beetroot poori (Chukandar ki poori),527.66,52.18,15.13,0.54,46.48,1.91,1.4,solid
Peas poori (Matar ki poori),592.83,57.69,17.31,0.48,47.77,3.04,2.25,solid
Peas kachori (Matar kachori),584.68,57.51,17.25,0.5,55.45,3.21,2.03,solid
Pizza,130.8,8.72,2.62,1.38,225.02,6.85,1.71,solid
Bacon and mushroom pancake,144.2,10.6,5.3,1.23,344.23,6.82,1.59,solid
Cheese and tomato pancake,133.8,9.28,5.75,3.48,281.62,5.15,1.06,solid
Minced meat pancake (with chicken),132.5,10.48,3.67,1.29,4942.18,12.01,0.7,solid
Eggplant/Brinjal rice (Vangi bhat),132.6,3.67,1.06,4.36,59.06,5.28,4.44,solid
Kashmiri 'tahar',60.5,1.37,0.41,0.17,61.29,1.95,0.98,solid
Cumin pulao (Jeera/Zeera pulao),89.6,3.2,0.96,0.64,219.73,2.47,1.4,solid
Peas pulao (Matar pulao),76.6,1.9,0.57,1.3,86.18,3.89,3.21,solid
Split bengal gram dal and vegetable pulao (Channa dal and vegetable pulao),82.2,2.3,0.76,1.59,98.07,3.6,3.16,solid
Black channa pulao/ Bengal gram pulao (Kale chane ka pulao),87.9,2.58,0.77,1.99,103.09,3.44,2.69,solid
Mutton pulao,130.77,10.78,3.77,1.0,3115.59,6.52,1.65,solid
Chicken pulao,108.24,8.48,2.97,0.99,3093.47,6.07,1.64,solid
Mexican rice,96.0,4.88,1.46,1.44,93.42,4.62,1.64,solid
Plain khitchdi (Plain khichri/khichdi),37.6,1.01,0.3,0.12,37.14,1.72,0.85,solid
Instant idli (with semolina),172.0,3.61,1.08,3.35,1504.66,9.16,7.13,solid
Plain dosa,255.7,8.43,2.53,0.7,142.98,10.34,5.23,solid
Masala dosa mixed vegetable fillings,104.0,3.26,1.08,1.53,122.08,4.84,4.31,solid
Masala dosa paneer fillings,194.7,8.84,5.48,4.81,160.4,10.31,3.11,solid
Uttapam,188.4,9.03,2.71,1.5,228.69,6.18,4.4,solid
Appam,267.7,22.63,6.79,4.16,26.59,3.12,6.19,solid
Beans and macaroni,114.2,7.01,2.1,1.68,182.79,4.58,2.05,solid
Spaghetti bolognese,114.1,9.51,2.85,1.41,5358.6,9.35,1.08,solid
Meat and macaroni casserole,148.0,10.17,3.56,1.0,2511.99,9.15,1.19,solid
Spaghetti with meat balls and tomato sauce,143.0,10.64,3.72,1.87,189.13,5.61,1.11,solid
Spaghetti with paneer balls and tomato sauce,141.5,10.44,6.47,3.03,199.55,3.95,1.25,solid
Lasagne with meat sauce,55.5,3.43,1.2,1.04,37.08,2.9,0.47,solid
Lasagne with vegetables,41.2,2.16,0.65,1.37,40.78,1.71,0.66,solid
Home made egg noodles,156.8,4.37,1.27,1.03,177.24,6.55,1.6,solid
Sour lentils (Khatti dal),26.1,0.12,0.04,1.25,115.6,2.22,1.22,solid
Urad special dehusked,55.9,2.17,0.65,1.32,109.56,3.14,2.5,solid
Arhar with spinach (Arhar dal aur palak),44.7,2.76,0.91,0.23,109.97,2.05,1.3,solid
Moong dal with vadi,24.08,2.05,0.68,0.45,112.36,0.4,0.39,solid
Rasam with tamarind (Puli rasam/ Chintapandu rasam/ Charu/Saaru),22.9,0.88,0.26,0.83,104.11,1.13,1.6,solid
Rasam with lemon (Nimmakaya rasam/Nimmakaya charu/Elumichai rasam/Nimbe hannina saaru),20.8,0.87,0.26,0.44,102.77,1.11,1.54,liquid
Green gram whole with baghar (Sabut moong dal with tadka),52.7,2.48,0.82,0.15,181.69,3.23,3.02,solid
Urad sabut special,79.39,5.46,1.64,0.86,60.09,2.33,2.15,solid
Kabuli channa curry,57.5,3.06,1.01,1.24,122.05,2.92,1.12,solid
Besan gatte curry,170.7,10.72,3.54,4.5,356.27,7.75,3.25,solid
Dry masala chops,135.07,9.54,3.15,2.27,83.47,9.08,0.86,solid
Mutton korma,115.64,8.54,2.99,1.64,56.94,7.09,0.78,solid
Shahi keema kofta curry,418.13,43.83,15.34,0.78,104.53,4.14,0.91,solid
Minced meat ball curry,109.79,7.85,2.75,1.27,170.06,6.82,1.49,solid
Boti kebab,132.86,9.27,3.24,2.09,78.14,9.22,0.76,solid
Mutton seekh kebab,133.94,8.43,2.95,1.4,102.17,11.25,1.88,solid
Indian lamb and egg curry (Nargisi kofta),335.75,34.7,12.14,0.75,57.44,3.84,0.6,solid
Soya chunks sweet and sour (Nutrinugget sweet and sour),500.94,55.99,16.8,1.1,2257.67,2.85,0.86,solid
Soya chunks korma (Nutrinugget korma),131.43,9.5,3.14,4.66,148.98,3.86,2.57,solid
Mushroom matar,70.77,4.11,1.23,1.39,61.63,2.79,3.13,solid
Soya chunks and peas (Nutrinugget matar),82.62,5.11,1.53,1.64,70.97,3.03,2.86,solid
Vegetable yakhni,406.06,43.8,13.14,1.44,38.05,1.18,0.61,solid
Spinach mushroom (Palak mushroom),47.63,2.96,0.89,1.0,70.97,1.94,2.27,solid
Vegetarian nargisi kofta curry,332.15,32.94,10.87,1.65,73.56,2.29,0.86,solid
Roast chicken,199.9,13.06,4.57,0.05,71.71,20.49,0.03,solid
Shahi chicken masala,163.7,12.02,4.21,2.86,142.56,9.82,0.96,solid
Tomato chicken,111.68,6.71,2.35,0.93,104.83,10.57,1.42,solid
Creamy chicken,152.87,9.57,5.93,2.11,97.08,13.52,0.69,solid
Broccoli chicken ala king,119.56,7.57,2.65,2.49,104.01,7.97,1.92,solid
Ginger chicken,129.17,8.24,2.88,1.95,365.86,8.24,1.21,solid
Chicken sweet and sour,445.09,47.59,16.66,0.89,1809.94,6.92,0.58,solid
Chicken korma,147.96,9.67,3.38,3.32,119.21,9.83,1.82,solid
Bengal fish curry (Bengali machli curry),109.43,7.03,1.41,2.39,76.38,7.26,1.93,solid
Fish finger,542.9,55.82,11.16,0.17,103.55,5.66,0.34,solid
Fish in coconut milk (Nariyal ke doodh ke saath machli),86.21,4.43,2.75,1.55,73.93,8.66,1.52,solid
Prawn curry (with coconut) (Jhinga curry),109.55,6.93,1.39,2.03,375.86,8.54,1.56,solid
Baked stuffed fish,121.96,5.43,1.09,0.35,74.36,16.14,0.38,solid
Fish pie,107.9,5.77,1.15,1.13,101.8,9.25,0.76,solid
Crispy baked fish,124.2,6.41,1.28,1.53,192.42,10.95,1.21,solid
Fish souffle,139.71,8.55,1.71,2.09,92.45,10.51,0.19,solid
Potato curry (Aloo ki sabzi),73.5,4.47,1.48,1.58,78.4,1.52,2.42,solid
Egg curry (Anda curry),117.52,8.81,2.55,1.9,142.12,5.38,2.09,solid
Vegetable curry with coconut,74.2,4.66,1.54,1.41,43.4,2.77,3.35,solid
Curd with potatoes (Dahi aloo),50.1,2.72,1.69,1.82,51.99,1.56,1.19,solid
Potato kofta curry (Aloo kofta curry),455.4,49.08,16.2,0.63,30.12,0.56,0.56,solid
Yam kofta curry (Zimikand/Suran kofta curry),322.88,33.84,11.17,0.63,42.22,0.71,1.04,solid
Jackfruit kofta curry (Kathal ka kofta curry),321.08,33.83,11.16,2.4,40.04,0.8,0.96,solid
Spinach and potato (Palak aloo),48.4,2.82,0.85,0.93,62.46,1.63,2.04,solid
Mooli bhujia,91.2,7.25,2.54,1.07,89.73,1.69,2.36,solid
Bathua bhujia,90.9,7.29,2.55,1.08,81.99,2.26,3.8,solid
Cabbage rolls (dry) ((Pattagobhi rolls) (dry)),142.48,9.36,2.81,1.26,118.05,8.21,1.84,solid
Cabbage rolls (curry) ((Pattagobhi rolls)(curry)),124.63,8.17,2.7,3.81,123.98,5.76,2.35,solid
Dry arbi (Sookhi arbi),117.7,8.97,2.69,1.55,81.25,2.12,2.47,solid
Masala arbi,157.0,11.9,3.93,0.81,261.31,3.01,3.1,solid
Peas brinjal bhartha (Matar baingan bhartha),84.55,6.05,1.81,1.57,63.65,2.05,3.63,solid
Okra/Lady's fingers fry (Bhindi sabzi/sabji/subji),110.81,9.27,3.06,1.42,92.78,1.83,3.57,solid
Crispy okra/Crispy lady's fingers (Karare bhindi),657.76,70.4,21.12,0.26,40.42,1.91,1.75,solid
Beans foogath,105.06,9.22,2.77,1.7,81.22,2.03,4.15,solid
Stuffed bittergourd (wet) (Bharwa karele),162.36,15.24,4.57,1.95,360.09,1.36,2.86,solid
Jackfruit/Kathal (dry),488.97,51.78,15.53,3.55,33.68,0.93,1.33,solid
Yam fried (Zimikand/Suran fried),491.76,51.79,15.54,0.8,37.07,0.79,1.44,solid
"Cauliflower, pea and potato bhujia (Phoolgobhi, matar aur aloo bhujia)",84.5,5.54,1.94,1.47,86.29,2.75,3.26,solid
Vegetable jalfrezi,68.48,4.38,1.31,1.79,79.46,1.4,2.97,solid
Vegetables stir fry,27.2,1.47,0.44,0.86,55.0,1.04,1.37,solid
Broccoli delight,40.7,2.48,0.74,1.08,59.26,2.49,2.83,solid
Dhansak (vegetarian),72.8,4.18,1.25,0.91,34.18,3.32,4.17,solid
Cauliflower basket,90.95,5.88,1.76,1.47,194.22,5.21,2.4,solid
Stuffed bottle gourd (Stuffed ghiya/lauki),93.19,5.8,1.74,1.52,106.99,5.84,1.18,solid
Ducheese potato,119.9,9.01,5.59,0.29,103.85,3.6,1.29,solid
Roast potatoes,59.7,2.35,0.7,0.33,90.67,1.53,1.71,solid
Stuffed baked potatoes,79.6,4.39,1.32,0.4,92.09,3.82,1.31,solid
Potato nests,94.0,4.77,1.43,1.41,182.12,5.71,2.49,solid
Parsley potato,93.3,6.28,1.88,0.34,4.62,1.49,1.59,solid
Creamed spinach and mushroom,419.62,44.14,27.37,1.17,90.21,2.28,1.02,solid
Fricassee of Mushroom,96.7,6.63,1.99,2.51,118.98,3.65,1.23,solid
Cauliflower au gratin,145.9,10.2,3.06,3.01,164.96,4.45,1.44,solid
Vegetable and cheese pie,116.0,8.28,5.13,2.69,117.99,4.03,1.91,solid
Spinach souffle,150.18,10.52,3.16,0.89,244.07,7.36,1.44,solid
Beetroot and egg salad (Chukandar aur ande ka salad),84.92,6.45,1.87,1.97,110.12,3.36,0.55,solid
Sour cream potato salad,106.2,8.13,5.04,0.84,102.66,2.89,1.21,solid
Tossed green salad,49.88,3.24,0.97,1.9,65.09,1.33,1.33,solid
Spring basket salad,143.8,11.3,3.39,1.46,26.02,3.36,3.09,solid
Cucumber and yogurt salad (Kheere aur dahi ka salad),32.7,0.93,0.28,2.28,141.73,2.09,1.66,solid
Chicken and tomato towers,100.55,6.99,2.45,1.21,76.02,6.9,1.14,solid
Jellied sunshine fruit salad,48.86,0.85,0.26,2.86,74.2,5.85,1.8,solid
Tomato aspic,50.37,0.26,0.08,3.21,98.17,6.87,1.58,solid
Frozen frosty fruit salad (Phalon ka salaad),103.51,4.17,1.25,14.38,13.23,1.68,0.26,solid
French dressing,733.77,79.65,23.89,3.01,261.13,0.32,0.22,solid
Mayonnaise without eggs,329.05,33.84,9.81,3.68,193.58,2.13,0.04,solid
Curd dressing,78.8,2.9,1.8,7.57,204.62,5.59,0.22,solid
Carrot raita (Gajar ka raita),64.78,2.19,0.66,5.99,274.46,4.14,1.69,solid
Pumpkin raita (Kaddu ka raita),55.6,1.88,0.56,5.48,129.14,3.74,1.04,solid
Mint and peanut raita (Pudinay aur moongfali ka raita),112.05,6.19,1.86,6.17,223.01,7.05,1.79,solid
Spinach raita (Palak ka raita),52.75,1.86,0.56,3.97,126.57,3.95,1.39,solid
Bathua raita,54.4,1.76,0.53,4.11,110.92,4.13,2.19,solid
Pineapple raita (Ananas ka raita),67.74,2.02,0.61,8.12,135.48,3.9,1.39,solid
Banana raita (Kele ka raita),89.03,2.07,0.62,10.11,135.43,4.13,1.0,solid
Mango raita (Aam ka raita),67.37,2.14,0.64,7.87,135.46,3.9,0.89,solid
Guava raita (Amarood ka raita),64.36,2.07,0.62,6.71,135.94,4.19,3.0,solid
Grapes raita (Angoor ka raita),72.59,2.07,0.62,8.51,135.64,3.98,0.71,solid
Bottle gourd kheer (Ghiya/Lauki kheer),84.07,3.86,1.16,9.63,19.62,2.7,0.55,solid
Pumpkin kheer (Kaddu ki kheer),86.35,3.86,1.16,10.12,20.99,2.76,0.63,solid
Apple kheer (Seb ki kheer),81.3,3.18,0.95,10.71,15.86,2.14,0.51,solid
Caramel custard (baked),122.7,5.01,1.5,14.92,44.78,5.11,0.0,solid
Vanilla ice cream without egg,228.67,18.15,11.25,13.45,23.97,2.69,0.0,solid
Vanilla ice cream with egg,214.85,17.02,10.55,11.69,37.72,4.16,0.0,solid
Strawberry ice cream,215.61,16.96,10.52,11.6,37.62,4.15,0.0,solid
Chocochip ice cream,241.45,17.93,11.12,16.08,34.84,4.23,0.0,solid
Choconut ice cream,273.96,18.49,11.46,21.02,29.83,5.04,0.51,solid
Pear chocholate sunday,183.49,13.11,3.93,14.41,16.26,2.08,0.07,solid
Chocolate sauce,263.2,10.39,6.44,42.06,2.8,1.91,0.0,solid
Coffee ice cream,150.62,9.43,5.85,13.35,42.09,3.15,0.0,liquid
Coffee pear alaska,203.99,13.22,3.97,16.88,51.11,2.88,0.15,liquid
Crunchy butterscotch,277.32,20.99,13.01,17.73,22.24,3.11,0.47,solid
Peach melba ice cream,200.85,14.51,9.0,13.35,17.92,2.06,0.06,solid
Vanilla ice cream with apples in hot cherry sauce,196.32,11.45,7.1,14.19,31.54,1.73,0.26,solid
Grape and orange whip,57.39,2.62,0.79,5.66,14.36,1.41,0.97,solid
Honey banana cream,125.49,6.68,4.14,10.51,15.65,2.78,0.7,solid
Raspberry bavarian cream,150.1,7.88,4.89,15.3,24.59,3.34,2.19,solid
Fruit delight,107.09,7.09,2.13,9.03,17.27,2.09,0.09,solid
Creamy chocolate mousse,230.52,18.16,11.26,8.99,48.64,6.85,0.0,solid
Cold lemon souffle,169.87,9.78,2.93,13.88,46.35,5.89,0.0,solid
Cold orange souffle,173.19,9.82,2.95,14.42,46.53,5.94,0.11,solid
Cold pineapple souffle,181.22,10.39,3.12,14.99,49.38,6.23,0.0,solid
Cold vanilla souffle,179.54,10.32,3.1,14.49,49.09,6.22,0.0,solid
Cold chocolate souffle,187.53,10.86,6.73,15.31,47.77,6.37,0.0,solid
Stewed fruit (with pear),74.32,0.32,0.1,17.67,1.7,0.25,2.84,solid
Apricot fool,218.1,11.35,3.4,21.29,8.28,1.54,1.0,solid
Pavlova,200.6,12.29,3.69,20.37,26.34,1.84,0.06,solid
Apple crumb pudding,220.85,8.87,2.66,27.69,59.36,1.54,1.33,solid
Steamed cake with chocolate sauce,301.91,19.01,11.79,19.72,100.32,4.49,0.29,solid
Hot lemon souffle,155.25,7.93,2.38,12.07,47.75,5.29,0.14,solid
Gulab jamun with milk powder,471.15,40.15,24.89,27.04,67.28,0.85,0.05,liquid
Chum chum,130.05,1.92,0.58,27.84,16.65,1.52,0.02,solid
Dil bahar,130.05,1.92,0.58,27.84,16.65,1.52,0.02,solid
Rasbhari,130.05,1.92,0.58,27.84,16.65,1.52,0.02,solid
Rajbogh,133.7,2.28,0.68,27.66,16.57,1.71,0.11,solid
Rasgulla,118.64,1.75,0.53,25.4,15.19,1.38,0.01,solid
Rasmalai,135.55,2.11,0.63,28.71,16.46,1.61,0.07,solid
Khoa coconut burfi,411.45,26.01,7.8,35.6,31.14,9.98,4.07,solid
Danedar burfi,102.68,4.72,1.42,11.98,23.31,3.24,0.09,solid
Semolina burfi (Suji/Rava burfi),317.3,16.86,5.06,28.67,8.33,3.47,2.8,solid
Pumpkin coconut burfi (Kaddu aur nariyal ki burfi),186.18,12.66,3.8,16.11,8.95,1.75,4.29,solid
Khoa ladoo,396.02,24.09,14.94,33.37,31.71,12.21,3.08,solid
Wheat and gram flour ladoo (Atta besan ladoo),446.9,29.86,18.51,18.46,27.06,9.38,6.01,solid
Semolina ladoo with nuts (Suji/Rava ladoo with nuts),390.2,25.45,15.78,19.79,3.93,5.44,4.27,solid
Sesame chickpeas brittle (Til aur channe ki chikki),257.8,4.66,1.4,36.48,17.93,8.5,5.54,solid
Murmura chikki,229.5,0.32,0.1,48.27,15.03,2.12,0.37,solid
Masala onion pakora/pakoda (Pyaaz ke pakode),551.64,57.61,19.01,1.58,99.22,2.05,1.44,solid
Masala green chilli pakora/pakoda (Hari mirch kay pakode),668.76,71.01,23.43,0.27,120.9,2.22,1.34,solid
Chicken pakora/pakoda,590.09,60.98,21.34,0.22,103.23,6.03,0.96,solid
Fish pakora/pakoda,577.03,59.52,11.9,0.22,112.24,5.97,0.96,solid
Paneer cutlet,672.2,69.38,43.02,2.52,91.45,4.59,0.39,solid
Sago cutlet/vadas (Sabudana cutlet/vadas),558.76,56.97,17.09,0.1,48.17,0.56,0.54,solid
Poshtik cutlet,496.45,50.94,15.28,0.32,57.11,2.0,1.35,solid
Egg cutlet (Anda cutlet),575.02,60.25,17.47,0.2,79.4,2.45,0.58,solid
Minced meat cutlet,531.86,54.47,19.06,0.31,95.81,5.1,0.4,solid
Vegetable samosa,443.11,42.22,12.67,0.74,107.7,2.21,1.52,solid
Plain urad dal vada (Uzunne vada/Minapa garelu/Ulundu vadai/Medu vada),745.5,76.32,25.19,0.16,65.87,4.39,2.27,solid
Masala urad dal vada,703.78,71.62,23.63,0.7,61.49,4.32,2.71,solid
Khaman (dhokla),48.0,2.8,0.84,1.36,124.1,1.92,1.49,solid
Instant dhokla,178.3,9.37,2.81,6.86,763.98,7.66,3.57,solid
Tomato ginger chutney (Tamatar adarak ki chutney),40.6,0.32,0.1,6.31,209.42,1.05,2.14,solid
Mint tomato chutney (Pudinay aur tamatar ki chutney),43.65,0.36,0.11,5.48,183.98,1.53,2.63,solid
Coriander chutney (Hare dhaniye ki chutney),42.86,0.37,0.11,5.5,186.64,1.38,2.47,solid
Gooseberry chutney (Amla chutney),31.9,0.62,0.19,0.06,215.09,1.44,4.58,solid
Walnut chutney (Akhrot ki chutney),370.43,33.46,10.04,4.4,160.0,9.44,3.04,solid
Saunth/Sonth chutney with ginger,84.22,0.11,0.03,19.04,222.53,0.28,0.31,solid
Gun powder chutney,227.6,2.67,0.8,1.16,195.67,21.55,13.95,solid
Dessicated coconut chutney (Sookhe kase nariyal ki chutney),304.4,15.88,4.76,10.41,321.07,12.88,13.16,solid
Curd mint dip,76.13,2.44,1.51,7.83,222.77,4.82,0.77,solid
Curd vegetable dip,56.21,1.94,1.2,5.42,132.48,3.88,0.63,solid
Mayonnaise vegetable dip,241.27,23.44,7.03,4.39,119.58,3.01,0.41,solid
Tomato and cucumber sandwich (Tamatar aur kheere ka sandwich),117.5,6.31,1.89,1.79,222.22,4.03,2.1,solid
Tomato sandwich (grilled),156.8,9.39,2.82,2.58,420.6,6.26,1.91,solid
French sandwich (toasted),163.8,11.51,3.45,1.82,274.68,6.82,1.37,solid
Peanut butter cucumber sandwich,196.4,10.56,6.55,2.91,460.09,9.04,3.35,solid
Mint and peanut sandwich,222.8,13.88,4.16,2.78,453.3,7.18,3.67,solid
Spicy chutney sandwich,197.0,9.58,2.87,3.96,315.4,8.74,3.73,solid
Chicken walnut sandwich (Chicken aur akhrot ke sandwich),248.6,16.77,5.87,1.77,287.39,12.58,1.53,solid
Rolled sandwich,235.7,15.29,4.59,2.7,321.57,6.45,2.07,solid
Ribbon sandwich,204.6,13.37,4.01,4.66,382.11,6.26,2.92,solid
Checker board sandwich,307.9,24.65,7.39,2.9,358.25,7.37,2.22,solid
Submarine sandwich,195.8,15.32,4.6,2.5,254.28,6.09,1.24,solid
Cheese open sandwich,229.0,14.24,8.83,3.24,504.41,9.84,1.74,solid
Sunset and sunrise open sandwich,211.2,15.14,4.54,1.95,381.29,8.58,1.39,solid
Danish luncheon sandwich,164.2,10.1,3.03,1.13,365.63,9.03,1.52,solid
Chicken and corn open sandwich,157.7,8.83,3.09,2.48,226.72,8.63,1.67,solid
Chocolate sponge cake,213.5,5.51,3.42,25.0,61.47,9.13,0.52,solid
Chocolate swiss roll,306.08,19.76,12.25,18.83,44.53,6.01,0.29,solid
Lemon curd filling,225.62,12.58,7.8,26.13,34.9,3.43,0.0,solid
Jam filling,184.62,0.0,0.0,41.54,0.0,0.0,0.0,solid
Chocolate pastry,243.37,10.12,6.27,22.34,46.54,7.05,0.32,solid
Assorted pastry,208.9,8.91,4.46,19.7,49.99,6.78,0.43,solid
Orange gateau,163.0,6.02,1.81,18.33,80.41,4.78,0.68,liquid
Black forest gateau,217.82,8.58,2.57,21.97,79.37,5.94,0.28,liquid
Lemon cake,342.6,20.63,10.31,25.84,151.29,5.29,0.62,solid
Dundee cake,360.4,22.7,11.35,21.3,182.74,7.78,1.81,solid
Victorian sandwich cake,373.09,19.83,9.91,28.18,145.28,5.18,0.59,solid
Chocolate eggless cake,312.01,13.19,8.18,34.2,196.61,6.66,0.32,solid
Orange eggless cake,355.62,13.82,4.01,37.87,226.28,7.16,0.56,solid
Chocolate glace icing,436.29,20.8,12.9,59.88,8.66,3.22,0.0,solid
Butter icing,500.72,25.37,15.73,71.64,5.98,0.19,0.0,solid
Chocolate butter icing,469.59,24.77,15.36,59.82,4.99,3.21,0.0,solid
Almond biscuit (Badam ke biscuit),350.9,19.7,9.85,22.19,151.76,6.25,1.5,solid
Orange biscuit,320.2,11.01,5.5,42.63,259.14,3.63,0.75,solid
Gingerman biscuit,293.8,12.73,6.37,21.64,918.57,6.26,2.0,solid
Coffee drops,397.3,27.16,8.15,18.27,88.17,7.57,1.88,liquid
Christmas biscuit,340.0,15.88,7.94,26.01,127.36,5.67,2.17,solid
Christmas wreath biscuit,323.5,15.01,7.5,24.89,120.2,5.43,2.28,solid
Christmas bell biscuit,339.2,15.84,7.92,25.94,127.01,5.66,2.33,solid
Christmas star biscuit,355.8,10.04,5.02,53.05,76.09,3.54,1.47,solid
Christmas tree biscuit,323.4,15.0,7.5,24.77,120.45,5.43,2.65,solid
Chocolate cream shells,381.2,19.34,11.99,34.72,126.84,5.1,0.9,solid
Jelly biscuit,359.3,19.33,9.66,29.76,110.57,4.23,2.02,solid
Cherry and walnut cookies,369.0,18.75,9.38,30.37,114.62,5.63,1.3,solid
Cheese straws,324.8,24.28,15.05,1.79,587.42,9.83,1.29,solid
Butterfly biscuit,296.1,22.11,13.71,2.44,572.05,9.98,1.02,solid
Flan pastry,363.0,25.04,12.52,6.22,193.23,6.72,1.58,solid
Fruit flan,213.2,12.48,3.74,9.52,110.04,3.3,0.71,solid
Orange cream flan,280.28,13.59,8.43,25.27,82.41,4.73,0.63,solid
Fruit puree tart,246.6,16.83,5.05,9.79,49.65,3.35,1.31,solid
Apple banana pie,207.3,11.39,3.42,12.96,384.43,3.13,1.89,solid
Lemon chiffon pie,228.2,14.52,4.36,11.39,94.95,4.88,0.66,solid
Orange chiffon pie,183.4,11.16,3.35,10.46,73.23,3.89,0.7,solid
Cream buns,215.74,15.81,9.8,5.95,45.49,4.45,0.31,solid
Savoury puffs,190.79,15.24,4.57,4.51,2274.24,9.51,0.33,solid
Choux swans,216.34,15.6,4.68,6.13,145.08,4.35,0.35,solid
Potato aigrettes,530.03,54.24,16.27,0.73,112.45,2.35,0.45,solid
Cream horns,408.23,33.55,20.8,7.12,57.11,3.42,0.6,solid
Savoury cheese horns,258.3,20.71,12.84,2.74,212.28,5.66,0.73,solid
Paneer patties,301.6,23.96,14.86,4.04,158.44,7.6,1.18,solid
Vegetable patties,224.4,17.74,5.32,1.49,139.52,4.01,2.62,solid
Pearl millet infant food (Bajra shishu aahaar),294.9,6.62,1.99,26.06,12.67,11.98,7.84,solid
Sajina,267.3,3.03,0.91,25.89,11.7,10.81,7.62,solid
Cereal mix,99.5,2.02,0.61,10.68,9.29,3.32,2.03,solid
Pulse mix,65.8,0.54,0.16,6.59,3.88,3.16,2.25,solid
Shishu ahar,72.6,1.43,0.43,6.61,2.68,2.61,1.02,solid
Cereal pulse mix with amylase rice flour,117.8,2.74,0.82,8.84,1.03,4.27,3.47,solid
Banana groundnut paste/puree,213.19,5.45,1.64,31.67,16.85,4.27,1.7,solid
Rice dal porridge (Chawal dal ki khichdi/khichri),308.3,8.33,2.75,26.54,12.33,10.8,4.51,solid
Lentils and semolina porridge (Dal suji porridge/daliya),99.1,1.06,0.35,13.84,9.64,3.26,1.44,solid
Spinach khichri (Palak khichri/khichdi),68.5,1.91,0.57,0.21,69.59,3.43,1.56,solid
Vegetable mix,157.4,0.94,0.28,27.36,34.94,4.7,1.93,solid
Lentils and wheat porridge (Dal wheat porridge/daliya ),39.0,0.94,0.31,0.92,62.79,2.71,1.28,solid
Maize porridge,74.6,1.89,0.57,7.69,5.59,2.14,1.68,solid
Spinach peanut burfi (Palak aur mungfali ki burfi),105.37,4.39,1.32,11.5,19.52,3.36,2.07,solid
Split bengal gram burfi/fudge (Channa dal burfi),287.36,7.09,2.34,43.38,2.53,4.65,2.06,solid
Chickpea flour cookies (Sweet besan rounds/cookies),207.01,3.42,1.71,30.66,22.29,4.29,2.56,solid
Pearl millet mathri (Bajra mathri),785.08,83.12,24.94,0.16,33.17,1.82,1.36,solid
Sesame biscuit (Til ke biscuit),381.9,19.34,9.67,29.73,182.26,8.27,6.83,solid
Fermented bengal gram vada (Khameerikrit/Ufna hua channa dal ka vada),657.57,67.19,22.17,0.35,63.87,4.05,2.65,solid
Poshtik namak paras,613.39,56.58,16.97,0.87,44.01,6.49,4.55,solid
Soya chikki,423.7,15.51,4.65,45.47,17.24,7.18,3.55,solid
Besan bathua chilla/cheela,304.1,18.57,5.57,1.45,166.36,11.48,7.79,solid
Wheat flour and nuts ladoos (Atta nuts ladoos),340.4,19.19,11.9,15.94,8.07,9.46,7.3,solid
Gram flour and semolina dhokla (Besan suji dhokla),158.2,7.1,2.13,2.58,196.59,8.52,4.59,solid
Atta dal burfi,265.1,12.47,4.12,21.08,3.56,6.66,4.08,solid
Soya roti,213.7,9.23,2.77,1.58,155.93,9.18,8.71,solid
Poshtik khichdi/khichri,63.7,1.88,0.56,0.26,41.67,3.04,2.0,solid
Namkeen daliya,210.3,7.99,2.8,0.82,149.63,8.29,8.57,solid
Sprouts upma,234.6,10.44,3.13,1.67,147.82,9.5,7.16,solid
Semolina idli (Suji/Rava idli),150.2,3.47,1.04,3.42,185.02,9.34,5.85,solid
Poshtik chilla/cheela,110.5,3.04,0.91,1.22,97.18,4.85,4.91,solid
Stuffed bittergourd (dry) (Bharwa karela),217.65,22.38,6.71,0.07,519.29,1.29,3.0,solid
Cauliflower potato canjee,12.2,0.39,0.12,0.13,35.58,0.57,0.69,solid
Creamed spinach,96.91,6.39,3.96,1.59,156.02,5.18,1.33,solid
Mango milkshake with ice cream (Aam milkshake ice cream ke saath),68.35,2.8,1.74,9.11,16.64,1.93,0.23,liquid
Pineapple milkshake with ice cream (Ananas milkshake ice cream ke saath),68.49,2.75,1.71,9.2,16.65,1.93,0.42,liquid
Orange milkshake with ice cream (Narangi milkshake ice cream ke saath),67.82,2.75,1.71,9.0,16.65,1.95,0.16,liquid
Woodapple juice (Bel ka sharbat),34.18,0.7,0.21,5.75,127.45,0.63,1.03,liquid
Sattu drink,23.38,0.14,0.04,3.96,12.65,0.56,0.4,liquid
Apple and honey sorbet (Seb aur shehad ka sharbat),121.3,0.29,0.09,29.18,1.97,0.15,1.13,liquid
Thandai,101.18,5.89,1.71,8.21,22.69,3.59,0.8,liquid
Cucumber sharbat (Kheere ka sharbat),27.28,0.06,0.02,5.46,2.57,0.26,0.78,liquid
Apple oats chia seed smoothie,73.9,2.48,0.74,5.76,32.02,3.49,1.44,liquid
Nannari sharbat,88.79,0.01,0.0,23.58,1.16,0.01,0.0,liquid
Semolina milk drink (Thari kanji),38.6,1.36,0.84,3.88,11.95,0.98,0.72,liquid
Saffron milk (Kesariya doodh),102.18,4.57,2.83,12.5,23.69,3.17,0.14,liquid
Black rice kheer (Chak-hao kheer),130.7,4.91,1.47,12.57,25.77,4.37,0.76,solid
Coconut kheer (Nariyal ki kheer),162.61,10.55,3.17,13.73,45.97,3.4,1.53,solid
Apple sago payasam (Seb aur sabudana ki kheer),136.5,7.66,2.3,10.63,39.45,3.13,0.38,solid
Kesari bath,244.57,12.59,3.78,20.16,1.7,2.4,1.65,solid
Putharekulu,249.9,7.55,2.26,23.86,2.67,3.66,1.75,solid
Mango malpua,334.64,30.67,9.2,4.96,1.89,1.65,2.08,solid
Mango vanilla custard,147.63,7.04,2.11,14.62,30.12,3.43,0.99,solid
Kiwi granola pudding,254.7,15.36,4.61,15.08,59.21,5.6,3.71,solid
Oats burfi,378.9,17.27,5.18,32.93,8.15,8.89,4.96,solid
Lotus seed halwa (Kamal gattay ka halwa),314.0,20.69,12.83,9.8,3.06,7.79,0.42,solid
Amaranth ladoo (Rajgira ladoo),394.4,22.7,14.07,19.92,7.51,10.12,5.11,solid
Chhena poda,344.57,17.94,5.38,30.65,13.0,13.68,1.4,solid
Sweet couscous dessert,174.3,7.69,2.31,15.89,4.22,3.81,2.18,solid
Sweetened yogurt (Shrikhand),107.18,2.89,0.87,15.81,73.61,5.27,0.08,solid
Thickened sweetened milk (Rabri),102.79,5.35,3.32,10.09,23.92,3.52,0.19,solid
Gram flour halwa (Besan halwa),276.79,17.3,10.73,15.83,15.4,5.88,1.82,solid
Prawn sandwich,151.2,9.27,1.85,1.21,213.38,10.36,1.55,solid
Watercress sandwich,182.5,11.47,3.44,1.81,407.44,5.17,2.26,solid
Fish sandwich,134.5,10.37,2.07,1.04,161.88,4.72,1.23,solid
Kidney bean sandwich with cottage cheese,149.8,6.84,4.24,3.69,97.97,9.85,3.66,solid
Finger millet biscuit (Ragi biscuit),393.2,25.79,12.89,16.9,98.24,4.03,5.97,solid
Buttermilk biscuit,259.6,17.5,10.85,3.44,323.74,5.76,1.18,solid
Lemon cookies,359.8,23.02,11.51,23.47,84.71,5.63,0.78,solid
Sweet potato biscuit (Shakarkand ke biscuit),225.7,13.31,6.66,2.53,339.58,5.14,2.27,solid
Raspberry shortbread cookies,441.12,21.25,10.62,40.86,6.06,3.0,0.75,solid
Pumpkin cookies,196.2,3.93,1.97,31.62,51.49,2.51,1.06,solid
Greenpea cookies,146.1,4.24,2.12,14.45,229.9,6.53,5.32,solid
Sunflower cookies,520.62,36.28,18.14,24.28,181.68,9.49,3.95,solid
Cardamom cookies (Elaichi cookies),400.49,19.12,9.56,38.99,98.45,5.1,2.79,solid
Hazelnut cookies,493.32,34.97,17.48,22.01,81.06,6.25,2.45,solid
Milk cookies,408.1,24.96,15.48,22.06,156.53,10.49,0.99,liquid
Cranberry cookies,242.1,12.66,6.33,19.96,58.25,3.92,1.13,solid
Olive biscuit,397.8,23.75,11.88,32.27,120.1,3.2,0.82,solid
Tutti fruitti biscuit,338.3,17.9,8.95,15.75,93.11,5.21,5.43,solid
Peach blueberry preserves,177.38,0.2,0.06,45.33,2.81,0.53,1.14,solid
Pear preserves (Naashpati ka murabba),101.24,0.19,0.06,25.19,2.1,0.25,3.06,solid
Starfruit preserves,128.93,0.12,0.04,33.47,2.06,0.24,0.78,solid
Gooseberry pickle (Amla ka achaar),278.58,27.61,8.28,0.36,86.38,1.55,3.7,solid
Lotus stem pickle (Kamal kakdi ka achar),75.1,1.6,0.48,2.53,181.83,1.44,8.58,solid
Date pickle (Khajoor ka achaar),182.29,4.21,1.26,30.47,138.86,1.68,5.2,solid
Garlic pickle (Lahasun ka achar),413.62,39.88,11.96,2.32,269.12,3.72,5.13,solid
Fermented bamboo shoot pickle (Mesu pickle),59.83,5.59,1.68,0.29,161.31,1.58,2.24,solid
Sweet peach pickle (Aadoo ka achaar),144.64,0.2,0.06,36.46,33.04,0.46,1.32,solid
Pickled mustard greens,13.12,0.22,0.07,0.02,242.36,1.51,1.7,solid
Small onion pickle,21.7,0.64,0.19,2.99,249.48,1.65,1.09,solid
Green tomato pickle (Haray tamatar ka achaar),193.26,19.67,5.9,0.77,159.18,1.23,1.74,solid
Pickled cabbage,13.69,0.14,0.04,2.08,121.39,0.39,0.61,solid
Coconut pickle (Nariyal ka aachar),517.26,51.71,15.51,8.98,176.54,3.02,6.35,solid
Potato pickle (Aloo ka achaar),369.14,36.46,10.94,0.82,213.73,2.07,2.21,solid
Mango murabba candy,293.35,0.05,0.01,74.73,13.71,0.27,0.95,solid
Afghani chicken,151.51,9.07,3.17,0.83,87.02,15.66,0.31,solid
Fish orly,563.7,58.18,11.64,0.24,136.37,5.87,0.33,solid
Hariyali Fish Tikka,150.24,9.41,1.88,0.83,100.45,14.01,0.99,solid
Chicken manchurian,142.34,11.96,4.19,0.9,2414.77,9.53,0.41,solid
Handi chicken,166.02,12.46,4.36,0.75,75.64,12.32,0.67,solid
Lemon chicken,169.79,9.66,3.38,0.16,79.93,20.2,0.16,solid
Lemon butter fish,160.25,10.26,6.36,0.23,187.72,16.38,0.36,solid
Baked eggs in tomato sauce,80.05,5.22,1.51,2.03,188.21,4.92,0.01,solid
Egg in a pepper,128.78,8.68,2.52,0.05,183.89,12.64,0.17,solid
Spinach mushroom scrambled egg (Palak mushroom bhurji),158.85,11.51,3.34,0.1,227.97,13.28,0.39,solid
Corn omelette/omlet,166.93,12.89,3.87,0.41,166.42,11.37,0.02,solid
Cajun chicken,184.94,13.99,4.9,1.1,1740.13,12.69,0.89,solid
Paaner do pyaza,127.7,10.87,3.26,2.2,160.66,4.22,0.84,solid
Cabbage manchurian (Pattagobhi manchurian),224.26,22.48,6.74,0.33,75.02,0.64,0.37,solid
Gobi 65,278.29,29.11,8.73,0.29,69.22,0.56,0.57,solid
Paneer lababdar,105.48,8.46,5.25,1.96,142.45,3.98,1.16,solid
Roasted cauliflower steak,78.68,6.7,2.01,0.44,120.19,2.05,3.53,liquid
Sauteed radishes with green beans,94.32,6.61,1.98,1.78,65.1,2.41,3.52,solid
Garlic chutney/Poondu chutney (Lahasun ki chutney),255.51,17.55,5.26,13.36,177.62,3.34,5.15,solid
Schezwan chutney,205.19,17.72,5.32,5.66,486.27,3.33,5.72,solid
Onion chutney (Pyaaz ki chutney/Vengaya chutney),143.94,8.38,2.51,6.8,256.89,2.97,4.6,solid
Dates chutney (Khajoor ki chutney),103.57,1.12,0.34,18.68,76.77,1.07,3.41,solid
Chicken salad,338.19,30.26,10.59,0.96,50.62,15.33,2.0,solid
Macaroni salad,229.2,17.78,5.33,3.73,163.99,5.02,0.56,solid
Cabbage raita (Pattagobhi raita),84.84,5.76,1.73,4.21,125.31,3.24,0.93,solid
Pomegranate raita (Anaar ka raita),72.64,3.24,0.97,7.01,195.18,4.05,0.6,solid
Onion raita (Pyaaz ka raita),71.56,2.43,0.73,7.07,189.96,4.86,0.65,solid
Green chilli raita (Hari mirch ka raita),77.13,2.92,0.88,7.49,161.31,5.58,0.26,solid
Kale salad,177.71,15.33,4.6,3.31,292.04,4.86,1.36,solid
Spinach and paneer souffle,186.19,13.49,8.36,2.81,434.68,7.56,1.07,solid
Masala souffle,112.6,7.37,2.43,1.84,131.14,6.38,1.24,solid
Chicken and cheese souffle,182.35,14.74,9.14,2.46,120.93,9.07,0.26,solid
Tamarind chutney (Chintapandu pachadi/Puli chutney),109.15,0.48,0.14,22.85,75.61,0.88,1.65,solid
Pav bhaji masala,210.1,10.96,3.62,1.48,1814.66,9.13,24.3,solid
Green chutney,65.4,1.6,0.48,0.92,262.81,5.42,5.84,solid
Sago khitchdi/khichri (Sabudana khitchdi/khichri),148.3,10.1,3.03,1.03,100.26,2.72,1.82,solid
Gram flour chilla/cheela (Besan chilla/cheela),104.4,2.85,0.85,1.87,135.57,7.8,4.25,solid
Vegetable namkeen jave,78.2,2.51,0.88,1.04,32.13,2.93,2.86,solid
Khakhra,129.9,5.32,1.6,0.88,184.16,4.78,5.43,solid
Moong bean dosa (Pesarattu),232.0,11.67,3.5,2.9,61.36,12.32,6.04,solid
Methi thepla,276.3,15.95,4.78,2.98,543.27,8.98,7.56,solid
Rice puttu (Ari puttu),59.0,3.13,0.94,0.33,48.28,1.26,0.76,solid
Buckwheat pancake (Khura),213.2,16.43,8.21,0.64,69.97,2.91,0.56,solid
Quinoa khichdi/khichri,49.5,1.59,0.48,0.69,69.64,3.18,2.58,solid
Khakhra chaat,358.66,30.65,9.19,3.26,102.78,4.52,3.04,solid
Banana appam,469.81,42.53,12.76,9.95,20.14,1.17,0.67,solid
Veg manchurian,585.64,61.65,18.49,0.76,65.31,0.89,1.16,solid
Pav bhaji,79.1,4.32,1.3,2.06,163.89,2.66,1.98,solid
Rice murukku,527.3,48.22,14.47,0.17,63.31,5.41,2.18,solid
Bhel puri,509.89,47.91,14.37,3.41,93.98,3.52,2.24,solid
Semolina dhokla (Suji/Rava dhokla),140.6,5.2,1.56,1.85,443.39,5.44,5.12,solid
Spicy corn chaat,479.8,46.55,13.96,0.95,86.5,4.61,2.17,solid
Jackfruit fritters (Ponsa mulik/Kathal ka pakora),597.79,54.41,16.32,11.48,46.39,2.34,1.5,solid
Banana chips (Kele ke chips),665.67,70.46,24.66,4.37,86.87,0.37,0.65,solid
Wheat cake,314.63,14.95,7.47,25.79,82.96,4.79,2.76,solid
Mango cheesecake,152.46,7.3,4.53,15.36,107.12,2.39,1.14,solid
Carrot cake (Gajar ka cake),255.59,10.27,5.13,23.96,158.74,5.6,2.93,solid
Semolina cake (Suji/Rava cake),374.14,25.18,12.59,18.86,91.36,6.58,5.37,solid
Finger millet cake (Ragi cake),254.7,12.27,6.13,24.76,98.26,3.96,2.35,solid
Honey cake,333.59,14.7,7.35,33.43,72.55,3.08,0.51,solid
Almond cardamom cake (Badam elaichi cake),356.35,21.36,10.68,18.06,155.37,7.18,2.35,solid
Tutti frutti cake,296.9,12.68,6.34,28.08,106.36,4.49,0.85,solid
Ham and Bean soup,96.04,4.15,1.25,1.43,378.14,10.61,0.54,liquid
Whey soup,68.91,3.34,1.0,5.87,87.08,3.45,0.84,liquid
Bottle gourd soup (Ghiya/Lauki soup),23.05,1.79,0.54,0.39,53.81,0.45,0.96,liquid
Baked potato soup,147.05,11.21,3.36,3.44,268.69,5.73,0.3,liquid
Pumpkin soup,40.05,3.2,0.96,1.47,45.5,0.47,1.19,liquid
Sweet corn soup,27.6,1.63,0.49,0.9,22.35,0.99,0.31,solid
Paneer soup,47.85,2.8,1.74,1.98,68.03,3.22,0.28,solid
Curried Cauliflower soup,82.0,9.77,2.93,1.79,7311.44,6.72,2.34,liquid
Millet soup,112.8,12.57,3.77,1.45,10918.83,11.26,2.82,liquid
Lemon coriander soup,97.9,6.26,1.88,2.2,219.17,2.27,6.77,liquid
Garlic soup,194.86,17.62,5.29,2.39,179.26,2.38,1.66,liquid
Dal makhani,61.3,3.06,1.01,0.8,41.85,3.32,2.27,solid
Dalma,98.3,4.58,1.51,3.1,49.35,4.91,2.16,solid
Split bengal gram dal (Channa dal),84.6,4.62,1.52,0.98,46.4,4.15,3.72,solid
Horsegram dal (Kulthi dal),41.7,1.13,0.37,0.72,63.63,2.91,1.52,solid
Panchmel dal,93.7,5.36,1.77,0.75,79.46,4.63,3.2,solid
Dal dhokli,55.5,2.47,0.82,1.12,37.53,2.96,1.86,solid
Gujarati handvo,151.6,4.8,1.44,2.51,308.55,8.24,4.95,solid
Sev (Omapodi/Karapusa),609.14,60.08,21.03,0.53,53.19,5.12,2.35,solid
Papdi,708.96,72.11,21.63,0.31,28.91,1.83,0.56,solid
Jowar dosa,217.2,10.28,3.08,0.59,97.25,8.5,5.56,solid
Bread roll,435.46,40.25,20.12,0.94,139.34,2.85,1.45,solid
Soya seekh kebab,98.0,5.88,2.06,0.51,92.25,5.4,2.24,solid
Classic seasoned black beans,72.1,8.28,2.48,0.44,7989.07,8.01,3.51,liquid
Maa chaane ki dal,270.2,9.5,3.14,1.05,43.31,19.8,13.45,solid
Garlic chickpea soup (Lahasun aur chane ka shoraba),70.8,2.01,0.6,2.65,79.73,4.45,2.84,liquid
White sauce (thin),115.17,8.41,2.52,4.58,23.91,3.31,0.07,solid
White sauce (medium),151.27,11.76,3.53,4.32,22.59,3.36,0.14,solid
White sauce (thick),209.69,17.19,5.16,3.9,20.45,3.43,0.24,solid
Cheese sauce,194.76,15.12,9.37,4.53,317.38,7.68,0.12,solid
Egg sauce,146.85,11.08,3.21,3.19,51.54,5.97,0.12,solid
Mushroom sauce,137.56,10.51,3.15,3.86,20.94,3.39,0.47,solid
Mustard sauce,158.58,12.17,3.65,4.22,22.16,3.98,0.13,solid
Brown sauce,186.9,23.67,7.1,0.13,14174.59,11.92,1.69,solid
Classic italian pasta,42.12,2.45,0.73,2.94,49.04,0.57,1.36,liquid
Pasta spinach sauce,85.46,7.9,2.37,1.04,115.79,1.76,0.86,solid
Pasta cheese sauce,149.26,10.84,6.72,4.22,255.95,4.33,0.14,solid
Mayonnaise,774.86,84.52,25.36,1.44,272.89,1.86,0.11,solid
Low calorie quick mayonnaise,242.89,24.35,7.3,0.83,165.94,1.41,0.06,solid
Thousand island dressing,407.87,42.87,12.86,3.1,946.1,1.37,0.46,solid
Curd dip,79.95,3.36,2.08,7.12,301.07,5.04,0.1,solid
Short crust pastry,339.1,23.98,11.99,3.18,97.2,6.11,1.58,solid
Choux pastry,193.2,14.96,7.48,1.5,132.28,5.55,0.56,solid
Flaky pastry,378.2,31.99,15.99,0.81,178.52,4.69,1.25,solid
Sponge cake,219.9,4.74,2.37,26.33,64.61,9.18,0.69,solid
Glace icing,323.51,0.01,0.0,85.35,9.88,0.01,0.0,solid
Royal icing,332.58,0.02,0.01,85.57,36.5,1.74,0.0,solid
American frosting,257.57,0.01,0.0,67.46,19.33,1.05,0.0,solid
Gum icing,223.07,0.0,0.0,52.63,29.32,5.94,0.0,solid
Channa murmura premix,216.7,3.28,0.98,1.52,206.28,10.59,8.21,solid
Cracked wheat and green gram dal premix (Dalia moong dal premix),248.8,5.11,1.69,0.63,3.25,15.89,11.66,solid
Rice flakes and roasted channa,212.5,2.94,0.88,1.31,205.51,10.57,8.84,solid
Spinach soup in milk,56.72,3.2,1.98,3.34,31.16,2.89,0.79,liquid
Vegetable soup,45.2,1.55,0.46,1.61,170.68,2.22,3.01,liquid
Mashed banana with milk,95.43,2.99,1.85,11.35,16.99,2.51,0.71,liquid
Poha with curd (Poha aur dahi),131.6,4.65,2.88,5.46,325.07,6.01,1.09,solid
Potato with curd,56.6,1.33,0.82,3.3,190.9,3.19,1.02,solid
Sweet wheat porridge (Sweet dalia),119.9,2.79,0.92,12.23,24.63,5.11,2.37,solid
Vegetable khichdi/khichri,113.1,4.53,1.36,3.71,193.55,5.61,2.45,solid
Moong dal mixture,144.4,1.0,0.35,24.68,29.6,4.62,1.9,solid
Cracked wheat khichri/khichdi (Dalia khichri/khichdi),135.0,5.52,1.82,3.79,224.95,7.56,3.74,solid
Stewed apple,91.93,0.37,0.11,20.45,1.53,0.17,1.48,solid
Lemon squash (Nimbu ka squash),184.56,0.06,0.02,48.88,15.01,0.15,0.0,liquid
Orange squash (Santre ka squash),193.26,0.04,0.01,50.56,14.85,0.22,0.4,liquid
Lichi squash,198.33,0.08,0.02,51.31,14.56,0.3,0.41,liquid
Mango squash (Aam ka squash),194.66,0.17,0.05,50.84,14.81,0.17,0.58,liquid
Pineapple squash (Ananas ka squash),195.02,0.05,0.01,51.08,14.84,0.16,1.06,liquid
Lemon and ginger squash (Nimbu aur adrak ka squash),170.34,0.21,0.06,42.53,16.19,0.54,1.07,liquid
Apple jam (Seb ka murabba),188.79,0.32,0.1,46.76,2.71,0.14,1.29,solid
Plum jam (Aloo bukhara jam),178.89,0.19,0.06,45.25,2.67,0.31,1.0,solid
Pineapple jam,149.18,0.15,0.04,37.44,2.45,0.32,2.2,solid
Guava jelly (Amrood ki jelly),115.74,0.25,0.07,27.38,3.36,1.11,6.61,solid
Orange marmalade (Santray ka murabba),104.17,0.13,0.04,25.09,2.31,0.66,1.97,solid
Carrot murabba (Gajar ka murabba),175.24,0.16,0.05,44.83,19.53,0.32,1.39,solid
Gooseberry marmalade (Amla murabba),123.16,0.03,0.01,28.61,216.89,0.14,0.0,solid
Ginger candy (Adrak ki candy),195.71,0.27,0.08,47.99,5.4,0.69,1.67,solid
Mango pickle (Aam ka achaar),192.12,17.89,5.37,1.79,3429.94,1.6,3.68,solid
Mixed vegetable pickle (Sabziyoon ka achaar),211.2,19.68,6.49,2.77,2488.32,1.9,2.76,solid
Sweet lemon pickle (Neembu ka meetha achaar),69.54,0.21,0.06,14.63,6415.9,1.22,2.13,solid
Plum chutney (Aloo bukhara ki chutney),177.11,0.29,0.09,43.9,216.81,0.47,1.37,solid
Raw mango chutney (Kachhe aam/Kairi ki chutney),193.13,0.16,0.05,45.22,480.68,0.51,2.17,solid
Tomato sauce,34.33,0.27,0.08,5.69,174.79,0.81,1.79,solid
Tomato puree,20.62,0.25,0.07,2.32,244.99,0.75,1.56,solid
Garam masala,254.21,10.97,3.62,1.79,58.33,9.89,35.56,solid
Chat masala,192.5,9.91,3.27,0.79,11873.64,8.19,18.62,solid
Kashmiri masala,389.02,31.03,10.24,2.41,3106.14,8.26,12.12,solid
Rasam powder (Rasam masala),267.96,11.8,3.89,1.91,38.78,12.04,35.71,solid
Sambar powder (Sambar masala),297.46,15.58,5.14,1.87,27.66,12.5,34.56,solid
Tartare sauce,610.93,66.12,19.84,2.18,256.95,1.44,0.42,solid
Barbeque sauce,121.93,4.51,1.35,18.88,504.95,0.96,0.69,solid
Bread sauce,111.04,7.05,3.52,4.63,88.84,3.46,0.56,solid
Green chilli sauce,39.2,0.27,0.08,5.36,1037.04,1.25,1.77,solid
Home made plain noodles,151.6,3.56,1.07,1.07,182.07,6.21,1.65,solid
Dal moong,34.9,1.62,0.53,0.13,117.74,2.2,1.08,solid
Cumin seeds baghar (Jeera baghar/tadka),736.81,78.77,23.63,0.49,177.58,3.34,6.01,solid
Onion tomato baghar (Pyaaz tamatar ka tadka),137.52,11.98,3.59,3.51,31.33,1.26,2.12,solid
Mustard seeds baghar (Mustard seed tadka),552.59,54.3,16.29,1.14,8.9,4.73,9.74,solid
Hot cherry sauce,162.2,0.07,0.02,17.65,105.81,0.13,0.0,solid
Apple jelly (Seb ki jelly),152.13,0.21,0.06,38.18,2.14,0.1,0.86,solid
Marmalade (Murabba),143.76,0.04,0.01,37.29,2.16,0.23,0.43,solid
Plum squash (Aloo bukhara squash),211.17,0.1,0.03,55.02,12.71,0.16,0.52,liquid
Lemon green chilli pickle (Nimboo aur hari mirch ka achaar),12.9,0.24,0.07,1.0,7559.38,0.85,1.07,solid
Brinjal pickle (Baingan ka achaar),139.01,12.98,3.89,1.07,3507.59,2.24,4.62,solid
Sweet and sour tomato pickle (Khatta meetha tamatar ka achaar),60.88,3.24,0.97,4.31,1281.94,1.26,2.2,solid
Jhatpat achar with carrot (Jhatpat achaar gajar ke saath),91.21,6.55,1.96,3.04,2067.33,1.98,5.08,solid
Tomato chutney (Tamatar ki chutney),176.07,6.01,1.8,30.02,823.65,0.97,1.49,solid
Tomato ketchup,33.07,0.3,0.09,4.68,177.97,0.91,1.9,solid
Bengal 5 Spice Blend (Panch Phoran),289.79,22.16,6.65,1.4,51.43,18.26,18.4,solid
Urad Dal Papad (Raw),371.0,1.1,0.2,0.0,1745.0,25.6,18.6,solid
Moong Dal Papad (Raw),343.2,1.0,0.2,0.0,2220.0,25.2,1.0,solid
Rice Papad / Khichiya (Raw),355.0,0.5,0.1,0.0,1600.0,5.8,0.1,solid
Potato Papad / Aloo Papad (Raw),320.0,2.1,0.3,1.2,1450.0,4.5,2.1,solid